Ingredient_Name,Category,Biomarker_Targets,Direction,Gender_Relevance,Evidence_Level,Study_References,Study_Design,Study_Notes,Clinical_Case_Notes,Drug_Interactions,Contraindicated_For,Timing_Recommendation,Product_Name_Supliful,Product_URL_Supliful,Goal_1,Goal_2,Goal_3,OS_Module_1,OS_Module_2,OS_Module_3,Synergistic_With,Antagonistic_With,Contraindicated_With
Vitamin D3,Vitamin,"25-OH Vitamin D, hs-CRP",↑,Both,A,PMID:30415629,RCT (n=25871, 5y),"VITAL Study: Confirmed safety and fracture prevention","Effective in raising serum levels in 97% of participants","Steroids, Orlistat, Thiazides","Hypercalcemia, Sarcoidosis","Morning, with food","Vitamin D3 2,000 IU",https://supliful.com/catalog/vitamin-d3-2000iu-softgel-capsules,Immune Resilience,Hormonal Balance,Cardiovascular Health,Inflammation Modulation OS,Thyroid Support OS,Androgen Support OS,"[Magnesium (always)], [Vitamin K2 (always)]","[Vitamin A (conditional)]","[Calcium (conditional)]"
Magnesium,Mineral,"hs-CRP, Insulin Sensitivity",↓,Both,A,PMID:23853635,Meta-Analysis (n=889),"Reduced inflammatory markers and improved sleep latency","Subjective sleep quality improved by 40% in elderly","Antibiotics (Quinolones), Bisphosphonates","Kidney Failure, Heart Block","Evening","Magnesium Glycinate",https://supliful.com/catalog/magnesium-glycinate-capsules,Sleep Optimization,Stress & Mood,Recovery & Performance,Adrenal Reset OS,Neuroprotective OS,Insulin Sensitivity OS,"[Vitamin D3 (always)], [Zinc (conditional)]","[Calcium (conditional - absorption competition)]","[Antibiotics (conditional)]"
Ashwagandha,Herb,"Cortisol, Free Testosterone",↓ (Cortisol),Both,A,PMID:23439798,RCT (n=64),"Reduced serum cortisol by 27.9%; increased T in men","Significant reduction in perceived stress scale scores","Thyroid meds, Benzodiazepines","Hyperthyroidism, Autoimmune conditions","Evening / Post-workout","Ashwagandha",https://supliful.com/catalog/ashwagandha-capsules,Stress & Mood,Hormonal Balance,Recovery & Performance,Adrenal Reset OS,Androgen Support OS,Thyroid Support OS,"[Rhodiola (conditional)], [Zinc (conditional)]",,"[Thyroid Medication (contraindicated)]"
Probiotics,Probiotic,"Microbiome Diversity",↑,Both,A,PMID:22566685,Meta-Analysis (n=11811),"Reduced risk of antibiotic-associated diarrhea","Improved IBS symptom score significantly","Antibiotics (spacing required)","Immunocompromised patients, Sepsis risk","Morning, empty stomach","Probiotic 40 Billion with Prebiotics",https://supliful.com/catalog/probiotic-40-billion-prebiotics-capsules,Indigestion & Bloating,Immune Resilience,Metabolic Health,Gut-Brain Axis OS,Inflammation Modulation OS,,"[Prebiotics (always)], [Glutamine (conditional)]","[Antibiotics (conditional - timing)]",
Turmeric (Curcumin),Herb,"hs-CRP, WOMAC Pain",↓,Both,A,PMID:21194249,RCT (n=50),"Reduced joint pain scores by 58%","Comparable pain relief to NSAIDs for OA","Warfarin, Antiplatelets","Gallstones, Bile Duct Obstruction","Any time, with food","Platinum Turmeric",https://supliful.com/catalog/platinum-turmeric-capsules,Inflammation Control,Recovery & Performance,Cardiovascular Health,Inflammation Modulation OS,Anabolic Recovery OS,Liver Support OS,"[Piperine (always)], [Omega-3 (conditional)]",,"[Blood Thinners (conditional)]"
CoQ10,Compound,"CoQ10, Ejection Fraction",↑,Both,A,PMID:25282031,RCT (n=420),"Reduced cardiovascular mortality in heart failure","Reduced statin-induced muscle pain by 40%","Warfarin, Statins (depletes CoQ10)","Surgery (bleeding risk)","Morning, with fat","CoQ10 Ubiquinone",https://supliful.com/catalog/coq10-ubiquinone-capsules,Cardiovascular Health,Energy & Focus,Fertility & Libido,Mitochondrial Optimization OS,Cardiovascular Health,Skin Repair OS,"[PQQ (conditional)], [Selenium (conditional)]",,"[Warfarin (conditional)]"
Creatine Monohydrate,Amino Acid,"Creatine Kinase, Lean Mass",↑,Both,A,PMID:28615996,Review (>200 RCTs),"Safest ergogenic aid; increases strength/power","Improved cognitive processing in fatigue states","Nephrotoxic drugs (caution)","Pre-existing Kidney Disease","Post-workout / Morning","Creatine Monohydrate",https://supliful.com/catalog/creatine-monohydrate-powder,Recovery & Performance,Cognitive Support,Anti-Aging / Longevity,Anabolic Recovery OS,Neuroprotective OS,Mitochondrial Optimization OS,"[Beta-Alanine (conditional)], [Carbohydrates (conditional)]",,"[Diuretics (conditional)]"
Collagen Peptides,Protein,"Skin Elasticity, Joint Pain",↑,Both,A,PMID:24401291,RCT (n=114),"Reduced eye wrinkle volume by 20%","Improved joint functionality in athletes","None specific","Fish/Beef Allergy","Any time","Grass-Fed Hydrolyzed Collagen Peptides",https://supliful.com/catalog/grass-fed-hydrolyzed-collagen-peptides-powder,Skin & Hair,Recovery & Performance,Anti-Aging / Longevity,Skin Repair OS,Anabolic Recovery OS,,"[Vitamin C (always)], [Hyaluronic Acid (conditional)]",,
Berberine,Compound,"HbA1c, LDL-C",↓,Both,A,PMID:23118793,Meta-Analysis (n=1068),"Efficacy comparable to Metformin for glucose","Significant reduction in triglycerides","Metformin, Macrolides","Pregnancy, Nursing","Before carb-heavy meals","Berberine",https://supliful.com/catalog/berberine-capsules,Metabolic Health,Cardiovascular Health,Anti-Aging / Longevity,Insulin Sensitivity OS,Liver Support OS,Mitochondrial Optimization OS,"[Milk Thistle (conditional)], [Inositol (conditional)]",,"[Pregnancy (contraindicated)]"
Lion's Mane,Fungus,"NGF, Cognitive Score",↑,Both,B,PMID:18844328,RCT (n=30),"Improved scores in mild cognitive impairment","Nerve regeneration support noted in pre-clinical","Antidiabetics","Mushroom Allergy","Morning","Lion's Mane Mushroom",https://supliful.com/catalog/lions-mane-mushroom-capsules,Cognitive Support,Stress & Mood,Recovery & Performance,Neuroprotective OS,Gut-Brain Axis OS,,"[Niacin (conditional)], [Psilocybin (experimental)]",,
L-Glutamine,Amino Acid,"Intestinal Permeability",↓,Both,B,PMID:29709232,Meta-Analysis (n=500+),"Improved gut barrier integrity (Leaky Gut)","Reduced muscle soreness post-exercise","Lactulose","Liver Cirrhosis, Seizures","Empty stomach (Gut)","L-Glutamine Powder",https://supliful.com/catalog/l-glutamine-powder,Recovery & Performance,Immune Resilience,Detoxification,Gut-Brain Axis OS,Anabolic Recovery OS,,"[Probiotics (conditional)], [Zinc Carnosine (conditional)]",,
Beetroot,Vegetable,"Nitric Oxide, BP",↑,Both,B,PMID:23596162,Meta-Analysis,"Improved endurance performance and blood flow","Reduced systolic BP by ~4mmHg","PDE5 Inhibitors","Hypotension, Kidney Stones (Oxalates)","Pre-workout","Beetroot",https://supliful.com/catalog/beetroot-capsules,Cardiovascular Health,Recovery & Performance,Energy & Focus,Mitochondrial Optimization OS,Anabolic Recovery OS,,"[Citrulline (conditional)], [Arginine (conditional)]","[Mouthwash (antagonistic - kills oral bacteria)]",
Ginkgo Biloba,Herb,"Cerebral Blood Flow",↑,Both,A,PMID:23076136,Meta-Analysis (n=28000),"Inconsistent for dementia prevention; good for flow","Reversed SSRI-induced sexual dysfunction in pilot","Warfarin, Aspirin, NSAIDs","Bleeding disorders, Epilepsy","Morning","Ginkgo Biloba + Ginseng",https://supliful.com/catalog/ginkgo-biloba-ginseng-capsules,Cognitive Support,Cardiovascular Health,Fertility & Libido,Neuroprotective OS,Mitochondrial Optimization OS,,"[Ginseng (synergistic)], [Phosphatidylserine (conditional)]",,"[Blood Thinners (contraindicated)]"
Maca Root,Herb,"Libido Scores",↑,Both,B,PMID:20691074,Systematic Review,"Improved sexual desire independent of testosterone","Improved mood in post-menopausal women","None significant","Thyroid Conditions (Goitrogens)","Morning","Maca Plus",https://supliful.com/catalog/maca-plus-capsules,Fertility & Libido,Energy & Focus,Hormonal Balance,Adrenal Reset OS,Androgen Support OS,,"[Fenugreek (conditional)], [Zinc (conditional)]",,
Resveratrol,Compound,"Fasting Glucose, FMD",↓,Both,B,PMID:22055504,RCT (n=11),"Mimicked calorie restriction metabolic effects","Improved cerebral blood flow","Blood thinners, CYP3A4 substrates","Estrogen-sensitive cancers","Morning","Resveratrol 50% 600mg",https://supliful.com/catalog/resveratrol-50-percent-capsules,Anti-Aging / Longevity,Metabolic Health,Cardiovascular Health,Mitochondrial Optimization OS,Insulin Sensitivity OS,,"[NMN/NR (conditional)], [Quercetin (conditional)]","[Exercise (antagonistic - blunts adaptation?)]",
5-HTP,Amino Acid,"Serotonin Levels",↑,Both,B,PMID:24682001,Review,"Improved sleep latency and mood scores","Reduced carbohydrate cravings","SSRIs, MAOIs, Tramadol","Serotonin Syndrome risk","Evening","5-HTP",https://supliful.com/catalog/5-htp-capsules,Sleep Optimization,Stress & Mood,Metabolic Health,Gut-Brain Axis OS,Neuroprotective OS,,"[GABA (conditional)], [Melatonin (conditional)]",,"[SSRIs (contraindicated)]"
Apple Cider Vinegar,Food,"Post-prandial Glucose",↓,Both,B,PMID:28292654,RCT,"Reduced glucose spike after carb-heavy meal","Modest weight management support","Diuretics, Insulin","Gastroparesis, Erosion (liquid)","Before meals","Apple Cider Vinegar Capsules",https://supliful.com/catalog/apple-cider-vinegar-capsules,Metabolic Health,Detoxification,Digestion,Insulin Sensitivity OS,Liver Support OS,,"[Berberine (conditional)]",,
Iron,Mineral,"Ferritin, Hemoglobin",↑,Female (High),A,PMID:22777991,RCT (n=198),"Reduced fatigue in non-anemic women with low ferritin","Essential for oxygen transport","Levothyroxine, PPIs, Antibiotics","Hemochromatosis, Men (unless deficient)","Morning, empty stomach","Iron Strips",https://supliful.com/catalog/iron-strips,Energy & Focus,Recovery & Performance,Cognitive Support,Mitochondrial Optimization OS,Thyroid Support OS,,"[Vitamin C (always)]","[Calcium (antagonistic)], [Coffee (antagonistic)]","[Thalassemia (contraindicated)]"
Moringa,Herb,"Antioxidant Status",↑,Both,C,PMID:26322238,Review,"Rich micronutrient profile; lowers blood sugar","Supports lactation in nursing mothers","Antidiabetics, CYP450 substrates","Pregnancy (roots/bark - uterine stim)","Morning","Moringa Pure",https://supliful.com/catalog/moringa-pure-capsules,Detoxification,Metabolic Health,Immune Resilience,Liver Support OS,Insulin Sensitivity OS,,"[Greens Powders (conditional)]",,
Chaga Mushroom,Fungus,"Immune Cytokines",↑,Both,B,PMID:22696372,Review,"Immune modulation and viral defense","High antioxidant capacity (SOD)","Anticoagulants, Insulin","Autoimmune conditions (caution)","Morning","Chaga Mushroom",https://supliful.com/catalog/chaga-mushroom-capsules,Immune Resilience,Detoxification,Anti-Aging / Longevity,Inflammation Modulation OS,Liver Support OS,,"[Reishi (conditional)], [Cordyceps (conditional)]",,
Sea Moss,Algae,"Micronutrient Status",↑,Both,C,PMID:34200854,Review,"Rich source of Iodine and trace minerals","Supports thyroid function and gut health","Thyroid medication (Iodine interaction)","Hyperthyroidism","Any time","Sea Moss",https://supliful.com/catalog/sea-moss-capsules,Thyroid Support,Immune Resilience,Skin & Hair,Thyroid Support OS,Gut-Brain Axis OS,,"[Bladderwrack (conditional)]",,"[Iodine Supplements (contraindicated)]"
Saw Palmetto,Herb,"IPSS (Prostate Score)",↓,Male,B,PMID:23235613,Meta-Analysis (n=5666),"Mild symptom relief for BPH; no size reduction","No significant effect on hair loss (oral)","Hormone therapies, Anticoagulants","Women (generally), Pregnancy","Evening","Prostate Support",https://supliful.com/catalog/prostate-support-capsules,Hormonal Balance,Anti-Aging / Longevity,Sleep Optimization,Androgen Support OS,Inflammation Modulation OS,,"[Pumpkin Seed Oil (conditional)], [Beta-Sitosterol (conditional)]",,
Glucosamine,Compound,"Joint Space Width",↑,Both,A,PMID:15654279,Meta-Analysis (n=2596),"Reduced OA pain and slowed joint narrowing","Sulfate form is effective; HCl is not","Warfarin","Shellfish Allergy","Divided doses, with food","Joint Support",https://supliful.com/catalog/joint-support-capsules,Recovery & Performance,Anti-Aging / Longevity,Inflammation Control,Anabolic Recovery OS,Inflammation Modulation OS,,"[Chondroitin (always)], [MSM (conditional)]",,
Vitamin B Complex,Vitamin,"Homocysteine, Energy",↓ (Hcy),Both,A,PMID:26888463,Meta-Analysis,"Supports energy metabolism and methylation","B6 reduced PMS; B12 for cognition","Levodopa (B6), Metformin (B12)","Leber's Disease (B12)","Morning","Complete Multivitamin",https://supliful.com/catalog/complete-multivitamin-capsules,Energy & Focus,Stress & Mood,Metabolic Health,Neuroprotective OS,Adrenal Reset OS,,"[Magnesium (conditional)]",,
Melatonin,Hormone,"Sleep Latency",↓,Both,A,PMID:23691095,Meta-Analysis (n=1683),"Reduced time to fall asleep by 7 min","Regulates circadian rhythm","Sedatives, Immunosuppressants","Autoimmune conditions","Evening (30m before bed)","Sleep Support",https://supliful.com/catalog/sleep-support-capsules,Sleep Optimization,Anti-Aging / Longevity,Immune Resilience,Neuroprotective OS,Mitochondrial Optimization OS,,"[Magnesium (conditional)]","[Caffeine (antagonistic)]","[Driving (contraindicated)]"
Elderberry,Herb,"Viral Duration",↓,Both,B,PMID:30670267,Meta-Analysis,"Reduced upper respiratory symptoms","Shortens flu duration","Immune suppressants","Autoimmune conditions","Acute usage (at onset)","Immune Support (check blends)",N/A,Immune Resilience,Recovery & Performance,Inflammation Control,Inflammation Modulation OS,,,,"[Zinc (conditional)], [Vitamin C (conditional)]",,
L-Theanine,Amino Acid,"Alpha Brain Waves",↑,Both,A,PMID:18296328,RCT (n=35),"Improved focus and reduced anxiety","Synergistic with caffeine for cognition","Stimulants (modulates), Antihypertensives","None known","Morning or Pre-task","Cognitive Support",https://supliful.com/catalog/cognitive-support-capsules,Stress & Mood,Cognitive Support,Sleep Optimization,Neuroprotective OS,Adrenal Reset OS,,"[Caffeine (synergistic)], [Magnesium (conditional)]",,
Digestive Enzymes,Enzyme,"Stool Fat, Bloating",↓,Both,B,PMID:10421978,RCT,"Reduced gas and bloating after meals","Improved nutrient absorption","Acarbose","Pancreatitis (Acute), Ulcers","With meals","Digestive Enzyme Pro Blend",https://supliful.com/catalog/digestive-enzyme-pro-blend-capsules,Metabolic Health,Detoxification,Recovery & Performance,Gut-Brain Axis OS,,,,"[Probiotics (conditional)]",,
Greens Superfood,Blend,"Micronutrient Status",↑,Both,C,PMID:N/A,Review,"General support for pH balance and detox","Convenient vegetable intake source","Warfarin (Vitamin K content)","Kidney Stones (Oxalates)","Morning","Greens Superfood",https://supliful.com/catalog/greens-superfood-powder,Detoxification,Immune Resilience,Metabolic Health,Liver Support OS,Gut-Brain Axis OS,,"[Fiber (conditional)]",,
Methylene Blue,Compound,"Mitochondrial Respiration",↑,Both,C,PMID:28840449,Review,"Enhances mitochondrial electron transport","Cognitive enhancement and memory","SSRI/MAOIs (Serotonin Syndrome risk)","G6PD Deficiency, Pregnancy","Morning","Methylene Blue Drops",https://supliful.com/catalog/methylene-blue-drops,Cognitive Support,Energy & Focus,Anti-Aging / Longevity,Mitochondrial Optimization OS,Neuroprotective OS,,"[Red Light Therapy (synergistic)]",,"[SSRI Antidepressants (contraindicated)]"
Horny Goat Weed (Icariin),Herb,"Erectile Function",↑,Male,C,PMID:18784480,Animal/In-Vitro,"PDE5 inhibition (mild Viagra effect)","Mimics testosterone (weak evidence)","Antihypertensives","Heart conditions","Pre-activity","Horny Goat Weed Blend",https://supliful.com/catalog/horny-goat-weed-blend-capsules,Fertility & Libido,Hormonal Balance,Cardiovascular Health,Androgen Support OS,Nitric Oxide OS,,"[Maca (conditional)], [Arginine (conditional)]",,
Nitric Oxide (Beets/Arginine),Blend,"Vasodilation",↑,Both,B,PMID:21067832,RCT,"Improved blood flow and pumps","Reduced blood pressure","PDE5 Inhibitors, Blood pressure meds","Hypotension","Pre-workout","Nitric Oxide",https://supliful.com/catalog/nitric-oxide-capsules,Cardiovascular Health,Recovery & Performance,Fertility & Libido,Anabolic Recovery OS,Cardiovascular OS,,"[Citrulline (conditional)]","[Mouthwash (antagonistic)]",
Tribulus Terrestris,Herb,"Libido",↑,Male,B,PMID:24559105,RCT (n=180),"Improved sexual function scores","NO significant increase in testosterone","Diuretics, Antidiabetics","Pregnancy","Daily","Men's Vitality",https://supliful.com/catalog/mens-vitality-tablets,Fertility & Libido,Hormonal Balance,Energy & Focus,Androgen Support OS,,,,"[Maca (conditional)]",,
Vitamin C Serum,Topical,"Skin Brightness",↑,Female (High),A,PMID:28805671,Review,"Topical application reduces hyperpigmentation","Stimulates collagen production","None (Topical)","Sensitive Skin (high concentration)","Morning/Night","Vitamin C Serum",https://supliful.com/catalog/vitamin-c-serum,Skin & Hair,Anti-Aging / Longevity,,Skin Repair OS,,,,"[Vitamin E (synergistic)], [Ferulic Acid (synergistic)]",,
Liver Support (Milk Thistle+),Blend,"Liver Enzymes",↓,Both,B,PMID:17943748,Meta-Analysis,"Protects liver from toxins","Supports glutathione production","CYP450 Substrates (drug metabolism)","Ragweed Allergy","Evening","Liver Support",https://supliful.com/catalog/liver-support-capsules,Detoxification,Metabolic Health,Hormonal Balance,Liver Support OS,Estrogen Detox OS,,"[NAC (conditional)], [TUDCA (conditional)]",,
Keto BHB,Compound,"Blood Ketones",↑,Both,B,PMID:29446830,RCT,"Exogenous ketones source for energy","Reduces keto-flu symptoms","None specific","None specific","Before workout / Fasting","Keto BHB",https://supliful.com/catalog/keto-bhb-capsules,Metabolic Health,Energy & Focus,Weight Management,Insulin Sensitivity OS,Mitochondrial Optimization OS,,"[MCT Oil (synergistic)]",,"[High Carb Diet (antagonistic)]"
Mushroom Complex,Blend,"Immune Modulation",↑,Both,B,PMID:25084055,Review,"Synergistic immune support from glucans","Adaptogenic stress response","Anticoagulants, Immunosuppressants","Autoimmune conditions","Morning","Mushroom Extract Complex",https://supliful.com/catalog/mushroom-extract-gummies,Immune Resilience,Stress & Mood,Cognitive Support,Inflammation Modulation OS,Gut-Brain Axis OS,,"[Vitamin C (conditional)]",,
Hydration Powder (Electrolytes),Blend,"Hydration Status",↑,Both,A,PMID:33388079,Review,"Maintains fluid balance during exercise","Prevents cramping and fatigue","None specific","Kidney Failure (Potassium)","Intra-workout","Hydration Powder (Lemonade)",https://supliful.com/catalog/hydration-powder-lemonade,Recovery & Performance,Energy & Focus,Cardiovascular Health,Anabolic Recovery OS,,,,"[Creatine (conditional)]",,
Hair Growth Serum,Topical,"Hair Density",↑,Both,B,PMID:25964049,RCT,"Topical peptides/minerals support follicles","Reduces shedding","None","Scalp irritation","Daily","Peptide Hair Growth Serum",https://supliful.com/catalog/peptide-hair-growth-serum,Skin & Hair,Anti-Aging / Longevity,,Skin Repair OS,,,,"[Biotin (oral) (synergistic)]",,
Colon Cleanse,Blend,"Bowel Movement",↑,Both,C,PMID:N/A,Traditional,"Promotes waste elimination","Temporary relief of constipation","Diuretics","IBS-D, Obstruction","Short term only","Colon Gentle Cleanse",https://supliful.com/catalog/colon-gentle-cleanse-sachets,Detoxification,Metabolic Health,,Gut-Brain Axis OS,,,,"[Probiotics (conditional - after)]",,
Nootropic Blend,Blend,"Cognitive Performance",↑,Both,B,PMID:26618583,Review,"Enhances focus and memory","Supports acetylcholine","Stimulants","Anxiety","Morning","Brain & Focus Formula",https://supliful.com/catalog/brain-focus-formula-capsules,Cognitive Support,Energy & Focus,Stress & Mood,Neuroprotective OS,Mitochondrial Optimization OS,,"[Omega-3 (conditional)]",,
Joint Support (Glucosamine/Chondroitin),Blend,"Joint Pain",↓,Both,A,PMID:26881468,Meta-Analysis,"Reduced pain in osteoarthritis","Improved joint mobility","Warfarin","Shellfish Allergy","Divided doses","Joint Support",https://supliful.com/catalog/joint-support-capsules,Recovery & Performance,Inflammation Control,Anti-Aging / Longevity,Anabolic Recovery OS,Inflammation Modulation OS,,"[MSM (synergistic)], [Omega-3 (synergistic)]",,
Sleep Formula (Valerian/Melatonin),Blend,"Sleep Quality",↑,Both,B,PMID:2034738,Meta-Analysis,"Reduces sleep latency","Improves deep sleep duration","Sedatives, Alcohol","Driving/Machinery","Evening","Sleep Formula",https://supliful.com/catalog/sleep-formula-capsules,Sleep Optimization,Stress & Mood,Recovery & Performance,Neuroprotective OS,Adrenal Reset OS,,"[Magnesium (conditional)]","[Caffeine (contraindicated)]",
Fat Burner (Thermogenic),Blend,"Metabolic Rate",↑,Both,B,PMID:21951331,Review,"Increases calorie expenditure","Suppresses appetite","Stimulants, MAOIs","Cardiovascular conditions, Anxiety","Morning","Fat Burner with MCT",https://supliful.com/catalog/fat-burner-mct-capsules,Metabolic Health,Energy & Focus,Weight Management,Insulin Sensitivity OS,Mitochondrial Optimization OS,,"[Exercise (synergistic)]",,
BCAA,Amino Acid,"Muscle Protein Synthesis",↑,Male (High),B,PMID:28934166,Meta-Analysis,"Reduces muscle breakdown (catabolism)","Reduces delayed onset muscle soreness","None specific","ALS (branch chain toxicity theory - rare)","Intra/Post-workout","BCAA Post Workout Powder (Honeydew/Watermelon)",https://supliful.com/catalog/bcaa-post-workout-powder-honeydew-watermelon,Recovery & Performance,Anabolic Recovery OS,Energy & Focus,Anabolic Recovery OS,,,,"[Creatine (conditional)]",,
Colostrum,Compound,"Gut Barrier, IgA",↑,Both,B,PMID:24626685,RCT,"Improves gut lining integrity","Boosts immune defense in athletes","None specific","Dairy Allergy","Morning","Colostrum Powder",https://supliful.com/catalog/colostrum-powder,Immune Resilience,Recovery & Performance,Gut-Brain Axis OS,Gut-Brain Axis OS,Immune Resilience,,"[Probiotics (synergistic)]",,
Bee Pearl (Royal Jelly/Pollen),Food,"Vitality",↑,Both,C,PMID:22995393,RCT,"Improves erythropoiesis (red blood cells)","Supports hormonal balance","Warfarin","Bee Product Allergy, Asthma","Morning","Bee Pearl",https://supliful.com/catalog/bee-pearl-capsules,Energy & Focus,Immune Resilience,Hormonal Balance,Mitochondrial Optimization OS,,,,"[Honey (conditional)]",,