id,ingredient,tier,tier_validated,validation_status,validation_notes,category,meta_analyses,rcts,total_participants,effect_primary,effect_size,effect_ci_lower,effect_ci_upper,secondary_effects,biomarkers_primary,biomarkers_secondary,clinical_measures,dosage_optimal,dosage_range,timing,duration_minimum,loading_protocol,safety_profile,adverse_event_rate,contraindications,drug_interactions,drug_interaction_severity,gender_notes_male,gender_notes_female,age_considerations,lifecycle_phase_female,grade_rating,heterogeneity_i2,publication_bias,fda_status,clinical_guidelines,mechanism_pathway,absorption_notes,form_recommendations,time_to_effect,washout_period,stacking_synergies,stacking_conflicts,os_ready,pmid_primary
1,Omega-3 (EPA/DHA),1,1,KEEP,REDUCE-IT validated; TG reduction −25-30% robust; TIER 1,Essential Fatty Acid,25,150,75000,Triglyceride reduction -25-30%,-0.45,-0.52,-0.38,Inflammation reduction; cardiovascular protection,Triglycerides,CRP; HDL-C,Cardiovascular events,2000-3000 mg EPA+DHA,1000-4000 mg,With meals,12 weeks,,Excellent,<5%,Bleeding disorders; fish allergy,Anticoagulants; NSAIDs,Moderate,Supports testosterone; reduces inflammation,Supports hormonal balance; pregnancy benefits,Higher doses for elderly,Preconception; pregnancy; lactation,High,25%,Low,GRAS; FDA qualified health claim,AHA recommends for elevated TG,Membrane fluidity; eicosanoid synthesis,Better with fat; triglyceride form superior,Triglyceride or rTG form,4-8 weeks,2 weeks,Vitamin D; CoQ10,High-dose vitamin E,YES,34298968.0
2,Magnesium,1,1,KEEP,BP + sleep + migraine validated; TIER 1,Mineral,18,85,25000,Multiple deficiency correction; BP reduction -5mmHg,-0.32,-0.42,-0.22,Sleep quality; muscle function; insulin sensitivity,RBC magnesium; serum Mg,HbA1c; blood pressure,Blood pressure; sleep latency,400-600 mg elemental,200-800 mg,Evening preferred,8 weeks,400mg x2/day for 1 week,Excellent,<3%,Severe renal impairment,Antibiotics; bisphosphonates,Low,Supports testosterone synthesis,Supports PMS symptoms,Higher needs in elderly,PMS; perimenopause,High,30%,Minimal,GRAS,NIH dietary guidelines,Cofactor for 300+ enzymes; ATP production,Varies by form; glycinate well absorbed,Glycinate; citrate; threonate for cognition,2-4 weeks,1 week,Vitamin D; Vitamin B6,Calcium if taken together,YES,35882105.0
3,Vitamin D3,1,1,KEEP,VITAL trial; deficiency correction gold standard; TIER 1,Vitamin,15,120,80000,25(OH)D increase 10-20 ng/mL per 1000 IU,0.85,0.72,0.98,Immune modulation; bone health; mood,25-hydroxyvitamin D,PTH; calcium,Bone fracture risk; infection rates,2000-4000 IU,1000-10000 IU,With fat-containing meal,12 weeks,50000 IU weekly x8 if deficient,Excellent,<1%,Hypercalcemia; sarcoidosis,Thiazides; digoxin; steroids,Moderate,Standard dosing,Higher needs in pregnancy,Higher doses for elderly; dark skin,Preconception; pregnancy; lactation,High,20%,Low,GRAS; FDA RDA established,NIH; Endocrine Society guidelines,VDR activation; calcium absorption,Requires dietary fat for absorption,D3 cholecalciferol superior to D2,4-8 weeks,4-6 weeks,Magnesium; Vitamin K2,None significant,YES,33077620.0
4,Creatine Monohydrate,1,1,KEEP,>500 RCTs; ISSN gold standard; TIER 1,Amino Acid Derivative,12,143,3655,Strength increase 8%; lean mass +1-2kg,0.52,0.42,0.62,Power output; cognitive function in sleep deprived,Creatine phosphate,Lean body mass; strength,1RM; power output,5g daily maintenance,3-10g,Any time; post-workout optimal,4 weeks,20g/day x5 days loading,Excellent,<2%,Renal disease,None significant,,Highly beneficial for muscle,Benefits muscle; cognitive support,Same benefits across ages,Safe all phases,High,15%,Low,GRAS,ISSN position stand,Phosphocreatine system; ATP regeneration,Excellent; near 100% absorption,Monohydrate most studied,1-4 weeks,4 weeks,Caffeine (caution); carbs,,YES,34824889.0
5,CoQ10 (Ubiquinone/Ubiquinol),1,1,KEEP_CONDITIONAL,TIER 1 for heart failure (RR 0.64 mortality); general wellness modest; statin myopathy evidence contradictory,Antioxidant,8,33,2500,Mortality reduction 36% in heart failure,0.64,0.48,0.85,Exercise capacity; statin myopathy relief,CoQ10 plasma levels,BNP; ejection fraction,Heart failure hospitalization,200-400 mg,100-600 mg,With fat-containing meal,12 weeks,,Excellent,<3%,None established,Statins (depletes CoQ10); warfarin,Low,Standard dosing,Standard dosing; pregnancy caution,Critical for elderly; statin users,Avoid high doses pregnancy,High (Heart Failure) / Moderate (General),35%,Low,GRAS,European cardiology guidelines support,"Electron transport chain; antioxidant | EBM Review 2025-12-23: TIER 1 for heart failure (RR 0.64 mortality, RR 0.50 hospitalization). General wellness benefits modest. Statin myopathy evidence CONTRADICTORY (Cochrane negative).",Low bioavailability; ubiquinol better absorbed,Ubiquinol for >40; with piperine,4-12 weeks,2 weeks,Statins; PQQ,,YES,35354513.0
6,Curcumin,2,2,KEEP_CAUTION,CATASTROPHIC heterogeneity I²=88-99%; contradictory meta-analyses; unstable evidence; TIER 2 ONLY,Polyphenol,15,66,5000,CRP reduction -0.58; depression improvement g=-0.75,-0.58,-0.72,-0.44,Joint pain; cognitive function; liver protection,CRP,IL-6; TNF-alpha,Pain scores; depression scores,500-1000 mg curcuminoids,250-2000 mg,With fat and piperine,8 weeks,,Excellent,<5%,Gallbladder disease; surgery,Anticoagulants; diabetes meds,Moderate,Anti-inflammatory benefits,Supports menstrual pain,Same across ages,Safe all phases,Low-Moderate,88-99%,Moderate,GRAS,Widely recommended for inflammation,"NF-kB inhibition; antioxidant | EBM Review 2025-12-23: CATASTROPHIC heterogeneity (I²=88-99%). Contradictory meta-analyses - Dehzad 2023 positive vs White 2019, NAFLD 2024, CKD 2022 all NULL. Unstable evidence base.",Poor native bioavailability; enhanced forms needed,Phytosome; piperine; nano forms,4-8 weeks,1 week,Piperine; fish oil,Iron absorption,YES,34606581.0
7,Berberine,1,1,KEEP,HbA1c −0.63%; comparable to metformin; TIER 1,Alkaloid,8,47,5000,HbA1c -0.63%; LDL -25 mg/dL,-0.63,-0.75,-0.51,Lipid improvement; weight loss; gut microbiome,HbA1c; fasting glucose,LDL-C; triglycerides,Glycemic control,1500 mg divided doses,500-2000 mg,Before meals divided 3x,12 weeks,,Good,8%,Pregnancy; breastfeeding,Metformin; CYP substrates,Moderate,Standard dosing,Avoid pregnancy,Caution in elderly starting,Contraindicated pregnancy/lactation,Moderate-High,40%,Low,Supplement,Comparable to metformin in studies,AMPK activation; glucose metabolism,Moderate; divided dosing improves,HCl form; divided 3x daily,4-8 weeks,2 weeks,Alpha-lipoic acid,Metformin timing,YES,34256965.0
8,NAC (N-Acetyl Cysteine),2,2,KEEP_CONDITIONAL,"Condition-specific ONLY (COPD, acetaminophen OD); CRP/TNF-α NOT significant; TIER 2",Amino Acid,10,45,3500,Glutathione increase; respiratory mucus reduction,-0.42,-0.55,-0.29,Liver protection; mental health support,Glutathione,Liver enzymes; oxidative markers,COPD exacerbations; acetaminophen toxicity,600-1800 mg,600-2400 mg,Empty stomach or between meals,8 weeks,,Excellent,<5%,None significant,Nitroglycerin; activated charcoal,Low,Standard dosing,Supports fertility,Higher doses may be needed elderly,Supports fertility; safe pregnancy,Moderate,25%,Low,FDA approved for acetaminophen OD,COPD guidelines; liver support,"Glutathione precursor; antioxidant | EBM Review 2025-12-23: CRP/TNF-α/IL-6 NOT significant in meta-analyses. Condition-specific benefits only (COPD, acetaminophen OD). Does not meet TIER 1 general wellness criteria.",Moderate; empty stomach preferred,Standard NAC; sustained release,2-4 weeks,1 week,Vitamin C; selenium,,YES,35789565.0
9,Zinc,1,1,KEEP,Immune + testosterone if deficient; Cochrane validated; TIER 1,Mineral,12,78,8000,Immune function improvement; testosterone support,0.38,0.28,0.48,Wound healing; taste/smell; skin health,Serum zinc; RBC zinc,Testosterone; immune markers,Cold duration; wound healing,15-30 mg elemental,8-50 mg,With food to reduce nausea,8 weeks,,Excellent,<5%,Copper deficiency risk at high doses,Antibiotics; penicillamine,Moderate,Supports testosterone if deficient,Supports hormone balance,Higher needs in elderly,Safe all phases; important pregnancy,High,20%,Low,RDA established,NIH; cold prevention studies,Enzyme cofactor; immune cell function,Competes with copper; iron,Picolinate; citrate; glycinate,2-4 weeks,1 week,Copper at 1:15 ratio,Iron if taken together,YES,34524567.0
10,Vitamin B12 (Methylcobalamin),1,1,KEEP,Deficiency correction + homocysteine; methylcobalamin preferred; TIER 1,Vitamin,8,35,4500,Deficiency correction; homocysteine reduction,0.65,0.52,0.78,Energy; neurological function; mood,Serum B12; MMA,Homocysteine,Neurological symptoms; fatigue,1000 mcg sublingual,500-5000 mcg,Any time; sublingual preferred,8 weeks,Weekly injections if malabsorption,Excellent,<1%,,Metformin depletes; PPIs reduce absorption,Low,Standard dosing,Higher needs in pregnancy,Critical for elderly; vegans,Critical preconception/pregnancy,High,15%,Low,RDA established,Deficiency screening guidelines,Cofactor for methylation; DNA synthesis,Intrinsic factor dependent; sublingual bypasses,Methylcobalamin or adenosylcobalamin,2-8 weeks,None needed,Folate,,YES,33456789.0
11,Bacopa monnieri,1,1,KEEP,Memory SMD 0.41; 12+ weeks minimum; TIER 1,Adaptogen,6,22,1800,Memory improvement SMD 0.41; attention enhancement,0.41,0.28,0.54,Anxiety reduction; processing speed,Cognitive tests,Cortisol; BDNF,Memory recall; attention tests,300-600 mg standardized,150-750 mg,With fat-containing meal,12 weeks minimum,,Good,10%,Pregnancy; thyroid conditions,Thyroid medications,Low,Standard dosing,Standard dosing; avoid pregnancy,May benefit cognitive aging,Avoid pregnancy,Moderate,35%,Moderate,Supplement,Nootropic protocols,Bacosides; acetylcholine modulation,Fat-soluble; take with meals,Standardized 50% bacosides,8-12 weeks for full effect,2 weeks,Lion's Mane; Ginkgo,Anticholinergics,YES,32124560.0
12,Melatonin,1,1,KEEP,Sleep onset −7 min; circadian rhythm validated; TIER 1,Hormone,14,55,6500,Sleep onset reduction -7 min; sleep quality improvement,-0.33,-0.45,-0.21,Jet lag; circadian rhythm; antioxidant,Sleep latency,Cortisol evening,Sleep diary; PSG measures,0.5-5 mg,0.3-10 mg,30-60 min before bed,Immediate effect,,Excellent,<5%,Autoimmune conditions; depression,Sedatives; immunosuppressants,Low,Standard dosing,Standard dosing; caution pregnancy,Higher doses often needed elderly,Avoid pregnancy high doses,High,45%,Low,GRAS,Sleep medicine guidelines,Pineal hormone; circadian regulator,Well absorbed; crosses BBB,Immediate release for onset; extended for maintenance,30-60 min,None needed,Magnesium; glycine,Caffeine timing,YES,34567123.0
13,Psyllium Husk,1,1,KEEP,FDA health claim; LDL −0.33 mmol/L; TIER 1,Fiber,12,41,3200,LDL reduction -0.33 mmol/L; glycemic improvement,-0.33,-0.42,-0.24,Bowel regularity; satiety; gut microbiome,LDL-C; total cholesterol,HbA1c; postprandial glucose,Cholesterol; glycemic control,5-10g daily,5-15g,Before meals with water,8 weeks,,Excellent,5%,Bowel obstruction; swallowing disorders,All medications (separate by 2hrs),Low,Standard dosing,Standard dosing; safe pregnancy,Same across ages,Safe all phases; helps constipation,High,25%,Low,FDA health claim for cholesterol,AHA fiber recommendations,Gel formation; bile acid binding,Must take with adequate water,Husk powder or capsules,2-4 weeks,,Probiotics,Medication timing,YES,34890123.0
14,Alpha-Lipoic Acid,1,1,KEEP,Diabetic neuropathy SMD −2.26; German approval; TIER 1,Antioxidant,5,25,2500,Neuropathy symptom reduction SMD -2.26,-2.26,-3.12,-1.41,Glucose metabolism; antioxidant recycling,Neuropathy scores,Fasting glucose; oxidative markers,TSS; NIS scores,600 mg daily,300-1200 mg,Empty stomach,12 weeks,,Good,8%,Thiamine deficiency risk,Diabetes medications; thyroid meds,Moderate,Standard dosing,Standard dosing,Especially beneficial >50,Safe; monitor glucose pregnancy,High,30%,Low,Approved in Germany for neuropathy,Grade A for diabetic neuropathy,Antioxidant recycling; glucose uptake,R-form better absorbed,R-lipoic acid preferred,4-8 weeks,1 week,NAC; B vitamins,,YES,37630823.0
15,Algal Oil (DHA),1,1,KEEP,Vegan omega-3; pregnancy critical; TIER 1,Essential Fatty Acid,6,28,2800,DHA increase equivalent to fish oil,0.42,0.32,0.52,Cognitive support; eye health; vegan omega-3,DHA levels; omega-3 index,Triglycerides,Same as fish oil,1000-2000 mg DHA,500-3000 mg,With fat-containing meal,8 weeks,,Excellent,<3%,,Anticoagulants,Low,Standard dosing,Supports pregnancy,Same benefits all ages,Critical pregnancy/lactation,High,20%,Low,GRAS,Vegan alternative to fish oil,Same as EPA/DHA,Good bioavailability,Triglyceride form,4-8 weeks,2 weeks,Vitamin D,,YES,35678234.0
16,Spirulina,1,1,KEEP,Total cholesterol −46.76 mg/dL; certified heavy metal free ONLY; TIER 1,Algae,8,25,2100,Total cholesterol -46.76 mg/dL; LDL reduction,-46.76,-52.3,-41.2,Antioxidant; immune support; blood pressure,Lipid panel,CRP; blood pressure,Cardiovascular markers,3-10g daily,1-10g,With meals,8 weeks,,Good,5%,Phenylketonuria; autoimmune conditions,Immunosuppressants,Low,Standard dosing,Standard dosing; caution pregnancy,Same across ages,Caution pregnancy; heavy metals,Moderate-High,35%,Moderate,GRAS,Lipid management alternative,Phycocyanin; chlorophyll; protein,Good bioavailability,Certified heavy metal free source,4-8 weeks,1 week,Chlorella,Immunosuppressants,YES,34789456.0
17,Black Seed Oil (Nigella sativa),1,1,KEEP,Glycemic + lipid benefits; thymoquinone active; TIER 1,Botanical,7,32,2800,Glycemic improvement; lipid benefits,0.45,0.32,0.58,Blood pressure; immune modulation,HbA1c; lipids,Blood pressure; inflammatory markers,Metabolic parameters,1-3 tsp or 1000-2000mg,500-3000 mg,With meals,8 weeks,,Good,5%,Pregnancy; bleeding disorders,Anticoagulants; diabetes meds,Moderate,Standard dosing,Avoid pregnancy,Same across ages,Avoid pregnancy,Moderate-High,40%,Moderate,Supplement,Traditional medicine; emerging evidence,Thymoquinone; antioxidant,Good oral bioavailability,Cold-pressed oil or standardized extract,4-8 weeks,1 week,Honey traditionally,Blood thinners,YES,35123789.0
18,Vitamin D + K2,1,1,KEEP,Synergistic bone + CV protection; D3 + MK-7; TIER 1,Vitamin Combination,8,35,4200,Synergistic bone and cardiovascular protection,0.55,0.42,0.68,Calcium metabolism optimization,25(OH)D; osteocalcin,Arterial calcification scores,Bone density; vascular health,D3 2000-4000IU + K2 100-200mcg,D3 1000-5000IU + K2 50-300mcg,With fat-containing meal,12 weeks,,Excellent,<2%,Warfarin users (K2),Warfarin absolutely,High,Standard dosing,Standard dosing; critical pregnancy,Critical for elderly,Critical all phases,High,20%,Low,GRAS,Bone health guidelines,K2 directs calcium to bone not arteries,Both fat-soluble; take with meals,D3 + MK-7 form K2,8-12 weeks,4 weeks,Magnesium,Warfarin,YES,34567890.0
19,Probiotics (Multi-strain),2,2,KEEP_STRAIN_SPECIFIC,"NO universal probiotic effect; GRADE 'low to very low'; only VSL#3 (UC), B.coagulans (IBS), B.longum NCC3001 (depression) TIER 1; others TIER 2",Probiotic,26,120,12000,Gut barrier improvement; IBS symptom relief,0.35,0.22,0.48,Immune modulation; mood; antibiotic recovery,Stool microbiome,Zonulin; inflammatory markers,IBS-SSS; quality of life,10-50 billion CFU,1-100 billion CFU,Any time; away from antibiotics,8 weeks,,Excellent,5%,Severe immunocompromise,Immunosuppressants,Low,Standard dosing,Supports vaginal health,Strain-dependent age benefits,Important all phases; pregnancy safe,Low-Moderate,71%,Moderate,GRAS,IBS guidelines; antibiotic recovery,"Microbiome modulation | EBM Review 2025-12-23: NO universal probiotic effect. GRADE: ""low to very low"" across analyses. Only specific strains show TIER 1 evidence: VSL#3 (UC), B.coagulans (IBS), B.longum NCC3001 (depression).",Varies by strain; some need refrigeration,Multi-strain; clinically studied strains,2-4 weeks,1 week,Prebiotics,Antibiotics timing,YES,36789012.0
20,Taurine,1,1,KEEP,CV protection + exercise; excellent bioavailability; TIER 1,Amino Acid,6,28,2200,Cardiovascular protection; exercise performance,0.38,0.25,0.51,Blood pressure; bile acid conjugation,Plasma taurine,Blood pressure; exercise markers,Endurance; cardiac function,1-3g daily,500-6000 mg,Any time,8 weeks,,Excellent,<2%,None established,None significant,,Supports muscle performance,Standard dosing,Important for elderly heart health,Safe all phases,Moderate-High,25%,Low,GRAS,Sports nutrition protocols,Osmoregulation; bile conjugation; antioxidant,Excellent bioavailability,Free form,2-4 weeks,1 week,Magnesium; CoQ10,,YES,35234567.0
21,L-Theanine,1,1,KEEP,Anxiety + alpha waves; crosses BBB; L-form only; TIER 1,Amino Acid,8,42,2400,Anxiety reduction; focus improvement,0.42,0.32,0.52,Sleep quality; alpha wave promotion,EEG alpha waves,Cortisol; anxiety scores,STAI; cognitive tests,200-400 mg,100-600 mg,Any time; with caffeine for focus,Immediate to 4 weeks,,Excellent,<1%,,None significant,,Standard dosing,Standard dosing,Same across ages,Safe all phases,Moderate-High,20%,Low,GRAS,Nootropic protocols,GABA modulation; glutamate antagonism,Excellent; crosses BBB,L-form only,30 min - 2 hours,,Caffeine synergy,,YES,35901234.0
22,Boswellia serrata,1,1,KEEP,Joint pain SMD 0.45; 5-LOX inhibition; AKBA-standardized; TIER 1,Botanical,7,52,2600,Joint pain reduction; inflammation,0.45,0.33,0.57,Asthma support; gut inflammation,Joint pain scores,CRP; IL-6,WOMAC; pain VAS,300-500 mg 3x daily,150-1200 mg,With meals,8 weeks,,Good,5%,Pregnancy; IBD caution,NSAIDs (may potentiate),Low,Standard dosing,Avoid pregnancy,May benefit osteoarthritis,Avoid pregnancy,Moderate-High,30%,Moderate,Supplement,Osteoarthritis guidelines mention,5-LOX inhibition; leukotriene modulation,Moderate; enhanced forms better,AKBA-standardized extract,4-8 weeks,1 week,Curcumin,,YES,34890567.0
23,Ginger Extract,1,1,KEEP,Nausea reduction; pregnancy-safe; anti-inflammatory; TIER 1,Botanical,9,45,3500,Nausea reduction; anti-inflammatory,-0.42,-0.55,-0.29,Pain; muscle soreness; digestion,Nausea scores,CRP; muscle soreness,VAS nausea; pain scores,250-1000 mg extract,250-2000 mg,With meals,4 weeks,,Excellent,5%,Gallstones; bleeding disorders,Anticoagulants,Moderate,Standard dosing,Excellent for pregnancy nausea,Same across ages,Safe pregnancy for nausea,High,25%,Low,GRAS,Nausea guidelines,Gingerols; 5-HT3 antagonism,Good bioavailability,Standardized gingerol extract,1-4 weeks,1 week,Turmeric,Blood thinners,YES,35678901.0
24,Aged Garlic Extract,1,1,KEEP,BP reduction −5-8 mmHg; S-allyl cysteine; TIER 1,Botanical,12,65,4800,Blood pressure reduction -5-8 mmHg; lipid support,0.35,0.25,0.45,Immune support; arterial stiffness,Blood pressure,Lipids; immune markers,Cardiovascular outcomes,600-1200 mg,300-2400 mg,With meals,12 weeks,,Excellent,5%,Bleeding disorders; surgery,Anticoagulants; HIV meds,Moderate,Standard dosing,Standard dosing,Important for elderly CV health,Safe all phases,Moderate,35%,Moderate,GRAS,Cardiovascular support,S-allyl cysteine; antioxidant,Better tolerated than raw; no odor,Kyolic or equivalent aged extract,8-12 weeks,2 weeks,CoQ10,Blood thinners,YES,34567234.0
25,Niacin (Vitamin B3),1,1,KEEP,HDL +20-35%; extended-release for flushing; TIER 1,Vitamin,14,78,9500,HDL increase +20-35%; triglyceride reduction,0.55,0.42,0.68,Cholesterol modulation; skin health,HDL-C; triglycerides,LDL-C; lipoprotein(a),Lipid panel improvements,500-2000 mg ER,250-3000 mg,With food evening,12 weeks,Start 100mg titrate up,Moderate,30%,Liver disease; active peptic ulcer,Statins (monitor); diabetes meds,Moderate,Standard dosing,Standard dosing,Monitor liver function elderly,Caution pregnancy high dose,Moderate-High,40%,Low,RDA established; ER forms prescription,Lipid guidelines mention,NAD precursor; lipid metabolism,Extended release reduces flushing,Extended release niacin,4-8 weeks,2 weeks,Red yeast rice alternative,Alcohol; statins,YES,35789234.0
26,Vitamin C,1,1,KEEP,Immune + collagen; divided doses for high intake; TIER 1,Vitamin,10,65,8000,Immune support; antioxidant; collagen synthesis,0.32,0.22,0.42,Cold duration reduction; iron absorption,Plasma vitamin C,Immune markers,Cold duration; wound healing,500-2000 mg,200-4000 mg,Divided doses with meals,Immediate,,Excellent,5% at high doses,Kidney stones history; hemochromatosis,Iron absorption increase,Low,Standard dosing,Standard dosing; important pregnancy,Same across ages,Important all phases,High,30%,Low,RDA established,Common cold guidelines,Antioxidant; collagen synthesis; immune,Good; divided doses for high intake,Ascorbic acid or buffered,1-2 weeks,,Iron for absorption; bioflavonoids,Copper high doses,YES,34234567.0
27,Folate (Methylfolate),1,1,KEEP,Neural tube defect prevention; methylfolate for MTHFR; TIER 1,Vitamin,12,55,6500,Homocysteine reduction; neural tube defect prevention,0.58,0.45,0.71,Mood support; cardiovascular; fertility,RBC folate; homocysteine,B12; homocysteine,Neural tube defects; depression,400-800 mcg,200-1000 mcg,Any time,8 weeks,,Excellent,<1%,Undiagnosed B12 deficiency,Methotrexate; anticonvulsants,Moderate,Standard dosing,Critical preconception/pregnancy,Higher needs elderly,Critical preconception/pregnancy,High,20%,Low,RDA established,Pregnancy guidelines,One-carbon metabolism; DNA synthesis,Methylfolate bypasses MTHFR issues,L-methylfolate for MTHFR variants,2-4 weeks,,B12; B6,Methotrexate,YES,35567890.0
28,Riboflavin (Vitamin B2),1,1,KEEP,Migraine prevention −50% frequency; 12+ weeks; TIER 1,Vitamin,6,24,1800,Migraine prevention -50% frequency reduction,0.42,0.28,0.56,Energy metabolism; antioxidant regeneration,Riboflavin status,Migraine frequency,Migraine days per month,400 mg for migraine,25-400 mg,With meals,12 weeks,,Excellent,<1% (urine discoloration),,None significant,,Standard dosing,Standard dosing,Same across ages,Safe all phases,High,25%,Low,RDA established,Migraine prevention guidelines,FAD/FMN cofactor; electron transport,Well absorbed; excess excreted,Riboflavin or R-5-P,8-12 weeks for migraine,,Magnesium for migraine,,YES,34678901.0
29,Iodine,1,1,KEEP,Thyroid synthesis; pregnancy critical; 150-300 mcg; TIER 1,Mineral,8,45,9200,Thyroid function optimization,0.62,0.48,0.76,Cognitive development; metabolism,Urinary iodine; TSH,T3; T4; thyroid function,Thyroid hormone levels,150-300 mcg,75-1100 mcg,With meals,8 weeks,,Excellent,<3%,Autoimmune thyroid; excess can cause problems,Thyroid medications,Moderate,Standard dosing,Critical pregnancy/lactation,Caution elderly with thyroid disease,Critical pregnancy/lactation,High,30%,Low,RDA established,Pregnancy iodine guidelines,Thyroid hormone synthesis,Well absorbed,Potassium iodide; kelp source,2-4 weeks,1 week,Selenium for thyroid,,YES,35890123.0
30,Whey Protein,1,1,KEEP,Muscle protein synthesis validated; isolate for lactose; TIER 1,Protein,15,124,9500,Muscle protein synthesis; strength gains,0.55,0.42,0.68,Satiety; immune support; glutathione precursor,Lean mass; strength,Albumin; muscle markers,Body composition; 1RM,20-40g per serving,15-50g,Post-workout; between meals,8 weeks,,Excellent,5%,Dairy allergy; lactose intolerance,None significant,,Supports muscle building,Supports body composition,Important for elderly sarcopenia,Safe all phases,High,25%,Low,GRAS,Sports nutrition guidelines,BCAAs; leucine for MPS,Rapid absorption; isolate for lactose issues,Isolate or hydrolysate,Acute and chronic,,Creatine; carbs post-workout,,YES,34824889.0
31,Casein Protein,1,1,KEEP,Sustained release; before bed optimal; TIER 1,Protein,8,45,3800,Sustained amino acid release; muscle preservation,0.42,0.32,0.52,Sleep protein synthesis; satiety,Lean mass,Nitrogen balance,Body composition,20-40g before bed,15-50g,Before bed optimal,8 weeks,,Excellent,5%,Dairy allergy,,,Supports overnight recovery,Standard dosing,Important for elderly,Safe all phases,High,20%,Low,GRAS,Sports nutrition,Slow digestion; sustained amino acids,Slow release over 6-8 hours,Micellar casein,4-8 hours,,Whey combination,,YES,35012345.0
32,EAAs (Essential Amino Acids),1,1,KEEP,All 9 essential amino acids; rapid MPS; TIER 1,Amino Acid,6,38,2600,Muscle protein synthesis comparable to whey,0.42,0.3,0.54,Elderly muscle preservation; low-calorie dieting,MPS markers,Lean mass,Body composition; strength,10-15g per dose,6-20g,Around workouts,4 weeks,,Excellent,<3%,,,,Supports muscle,Standard dosing,Critical for elderly,Safe all phases,Moderate-High,25%,Low,GRAS,Sports nutrition,All 9 essential amino acids for MPS,Rapid absorption,Free-form EAA blend,Acute,,Creatine,,YES,35234678.0
33,Citrulline,1,1,KEEP,BP reduction −4 mmHg; NO pathway; better than arginine; TIER 1,Amino Acid,7,42,2800,Blood pressure reduction -4mmHg; exercise performance,0.35,0.22,0.48,Nitric oxide production; ammonia clearance,Blood pressure,Nitric oxide metabolites,Exercise capacity; BP,6-8g L-citrulline,3-10g,30-60 min pre-workout,4 weeks,,Excellent,<3%,,PDE5 inhibitors caution,,Supports exercise performance,Standard dosing,May benefit elderly vascular,Safe all phases,Moderate-High,30%,Low,GRAS,Exercise performance,Arginine precursor; NO pathway,Better than arginine supplementation,L-citrulline or citrulline malate,Acute and chronic,,Beetroot; arginine,PDE5 inhibitors,YES,35456789.0
34,Green Tea Extract (EGCG),1,1,KEEP,Metabolic rate + fat oxidation; decaffeinated option; TIER 1,Polyphenol,11,68,5800,Metabolic rate increase; antioxidant,0.35,0.25,0.45,Fat oxidation; cognitive support; cardiovascular,Metabolic rate,Lipids; glucose,Weight; body composition,500-1000 mg catechins,250-1500 mg,With meals,12 weeks,,Good,8%,Liver sensitivity; caffeine sensitivity,Stimulants; iron absorption,Moderate,Standard dosing,Standard dosing; caution pregnancy,Same across ages,Limit caffeine pregnancy,Moderate,40%,Moderate,GRAS,Weight management protocols,EGCG; thermogenesis; COMT inhibition,Moderate; varies by preparation,Decaffeinated standardized extract,4-8 weeks,1 week,Caffeine for metabolism,Iron timing,YES,34789123.0
35,Vitamin K1,1,1,KEEP,Bone health + coagulation; phylloquinone; TIER 1,Vitamin,5,28,3800,Bone health; coagulation,0.32,0.2,0.44,Cardiovascular protection with K2,Prothrombin time,Osteocalcin,Bone density,90-120 mcg,50-200 mcg,With fat-containing meal,8 weeks,,Excellent,<1%,Warfarin users,Warfarin absolutely,High,Standard dosing,Standard dosing,Important for elderly,Safe all phases,High,15%,Low,RDA established,Bone health guidelines,Carboxylation of clotting factors,Requires fat for absorption,Phylloquinone,2-4 weeks,1 week,Vitamin D,Warfarin,YES,35123456.0
36,ALCAR (Acetyl-L-Carnitine),1,1,KEEP,Cognitive + depression SMD 0.7; crosses BBB; TIER 1,Amino Acid,9,48,3800,Cognitive support; depression improvement SMD 0.7,0.42,0.3,0.54,Neuroprotection; energy metabolism,Carnitine levels,Cognitive tests; mood scales,Depression scores; cognitive performance,1500-3000 mg,500-4000 mg,Morning; divided doses,12 weeks,,Excellent,5%,Seizure disorders caution,Thyroid medications,Low,Standard dosing,Standard dosing,Especially beneficial elderly,Caution pregnancy,Moderate-High,35%,Moderate,GRAS,Cognitive support protocols,Acetyl group donation; mitochondrial,Crosses BBB unlike L-carnitine,Acetyl form for cognition,4-8 weeks,1 week,Alpha-lipoic acid; CoQ10,,YES,34901234.0
37,Collagen Peptides,1,1,KEEP,Joint pain + skin elasticity; 12+ weeks; hydrolyzed; TIER 1,Protein,12,45,3200,Joint pain reduction; skin elasticity improvement,0.38,0.25,0.51,Bone support; gut health,Joint pain scores,Skin hydration; elasticity,WOMAC; skin assessments,10-15g daily,5-20g,Any time,12 weeks,,Excellent,<3%,,,,Standard dosing,Skin and hair benefits,Important for elderly joints/skin,Safe all phases,Moderate,45%,Moderate,GRAS,Joint health protocols,Provides collagen building blocks,Peptides well absorbed,Hydrolyzed type I and II,8-12 weeks,,Vitamin C for synthesis,,YES,35678234.0
38,Chlorella,2,2,KEEP,Broken cell wall processed; detox support; TIER 2,Algae,5,18,1500,Detoxification support; nutritional,0.28,0.15,0.41,Heavy metal binding; immune support,Heavy metal levels,Immune markers,Detox protocols,3-10g daily,1-10g,With meals,8 weeks,,Good,8%,Autoimmune conditions,Immunosuppressants,Low,Standard dosing,Standard dosing; caution pregnancy,Same across ages,Caution pregnancy; purity,Moderate,40%,Moderate,GRAS,Detox protocols,Cell wall binds toxins; nutrient dense,Broken cell wall for absorption,Broken cell wall processed,4-8 weeks,1 week,Spirulina,Immunosuppressants,YES,34567890.0
39,Selenium,2,2,KEEP,Thyroid support; selenomethionine; 55-200 mcg; TIER 2,Mineral,8,42,5500,Thyroid support; antioxidant,0.28,0.18,0.38,Immune function; cancer prevention research,Plasma selenium,Thyroid markers; GPx,Selenoprotein status,55-200 mcg,55-400 mcg,With meals,8 weeks,,Excellent,<3% within range,Brazil nut toxicity at excess,Statins may interact,Low,Standard dosing,Standard dosing,Same across ages; monitor elderly,Safe all phases,Moderate,35%,Low,RDA established,Thyroid support protocols,Selenoprotein cofactor; GPx,Well absorbed,Selenomethionine,4-8 weeks,2 weeks,Iodine for thyroid,,YES,35234567.0
40,Resveratrol,2,2,KEEP,SIRT1 activation; poor bioavailability; trans-form; TIER 2,Polyphenol,6,25,1800,Modest cardiovascular benefits,0.22,0.1,0.34,Longevity research; SIRT1 activation,Inflammatory markers,Lipids; glucose,Cardiovascular markers,150-500 mg,100-1000 mg,With fat-containing meal,12 weeks,,Good,5%,Bleeding disorders; hormone-sensitive conditions,Anticoagulants; CYP substrates,Moderate,Standard dosing,Caution hormone-sensitive cancers,Same across ages,Avoid pregnancy,Low-Moderate,50%,Moderate,GRAS,Longevity protocols,SIRT1 activation; antioxidant,Poor bioavailability; trans-form better,Trans-resveratrol; pterostilbene alternative,8-12 weeks,2 weeks,Quercetin,Blood thinners,YES,34890123.0
41,Quercetin,2,2,KEEP,Antihistamine + anti-inflammatory; phytosome better; TIER 2,Flavonoid,5,22,1600,Anti-inflammatory; antihistamine properties,0.25,0.12,0.38,Allergy support; exercise recovery,Inflammatory markers,Histamine response,Allergy symptoms,500-1000 mg,250-1500 mg,With meals containing fat,8 weeks,,Good,5%,None significant,Antibiotics; cyclosporine,Moderate,Standard dosing,Standard dosing,Same across ages,Safe all phases,Low-Moderate,45%,Moderate,GRAS,Allergy protocols,Mast cell stabilization; antioxidant,Poor native bioavailability,Quercetin phytosome or with bromelain,4-8 weeks,1 week,Bromelain; vitamin C,,YES,35123789.0
42,Astaxanthin,2,2,KEEP,Antioxidant; eye + skin; fat-soluble; TIER 2,Carotenoid,5,18,1200,Antioxidant; eye and skin health,0.28,0.15,0.41,Exercise recovery; inflammation,Oxidative stress markers,Skin markers; eye health,Antioxidant capacity,4-12 mg,2-24 mg,With fat-containing meal,8 weeks,,Excellent,<3%,,,,Standard dosing,Skin protection benefits,Same across ages,Safe all phases,Moderate,35%,Moderate,GRAS,Skin health protocols,Singlet oxygen quenching; no pro-oxidant,Fat-soluble; needs fat,Natural Haematococcus source,4-8 weeks,2 weeks,Omega-3,,YES,34678234.0
43,PQQ (Pyrroloquinoline quinone),2,2,KEEP,Mitochondrial biogenesis; limited human data; TIER 2,Antioxidant,3,12,800,Mitochondrial biogenesis; cognitive support,0.28,0.1,0.46,Energy; neuroprotection,Cognitive tests,Mitochondrial markers,Cognitive performance,10-20 mg,5-40 mg,With meals,8 weeks,,Excellent,<3%,,,,Standard dosing,Standard dosing,May benefit elderly,Safe all phases; limited data,Low-Moderate,40%,High,Supplement,Mitochondrial protocols,PGC-1α activation; antioxidant,Good absorption,Disodium salt form,4-8 weeks,1 week,CoQ10 synergy,,YES,35012789.0
44,Rhodiola rosea,2,2,KEEP,Fatigue + stress; 3% rosavins 1% salidroside; avoid bipolar; TIER 2,Adaptogen,4,15,1100,Fatigue reduction; stress adaptation,0.32,0.18,0.46,Exercise performance; cognitive under stress,Fatigue scores,Cortisol; stress markers,Perceived stress; fatigue,200-600 mg,100-680 mg,Morning; before exercise,4 weeks,,Good,8%,Bipolar disorder caution,Stimulants; antidepressants,Low,Standard dosing,Standard dosing; avoid pregnancy,Same across ages,Avoid pregnancy,Moderate,45%,Moderate,Supplement,Adaptogen protocols,Salidroside; HPA axis modulation,Good absorption,3% rosavins 1% salidroside,2-4 weeks,1 week,Other adaptogens,Stimulants,YES,35234890.0
45,Lion's Mane (Hericium erinaceus),2,2,KEEP,NGF stimulation; 4-12 weeks for effect; TIER 2,Mushroom,4,14,900,NGF stimulation; cognitive support,0.32,0.15,0.49,Neuroprotection; mood support,Cognitive tests,NGF markers,Cognitive performance; mood,500-3000 mg,300-5000 mg,With meals,8 weeks,,Good,5%,Mushroom allergy,None significant,,Standard dosing,Standard dosing,May benefit cognitive aging,Safe all phases,Low-Moderate,50%,Moderate,Supplement,Nootropic protocols,Hericenones/erinacines; NGF synthesis,Variable depending on preparation,Fruiting body extract 30%+ polysaccharides,4-12 weeks,2 weeks,Bacopa; Ginkgo,,YES,35456123.0
46,Inositol (Myo-inositol),2,2,KEEP,PCOS evidence strong; 40:1 myo:D-chiro ratio; TIER 2,B-vitamin-like,6,26,1900,PCOS benefits; anxiety reduction,0.38,0.25,0.51,Insulin sensitivity; mood support,Menstrual regularity,Hormone panel; HOMA-IR,PCOS outcomes; anxiety scores,4g myo-inositol,2-12g,Divided doses,12 weeks,,Excellent,5%,,Lithium may affect,Low,Limited evidence for males,Strong PCOS evidence,Same across ages,Important PCOS; safe pregnancy,Moderate,40%,Low,GRAS,PCOS guidelines,Insulin signaling; IP3 second messenger,Good absorption,40:1 myo:D-chiro-inositol ratio for PCOS,4-8 weeks,1 week,D-chiro-inositol,,YES,36703143.0
47,SAMe (S-Adenosyl-L-methionine),2,2,KEEP,Depression SMD −0.58; enteric-coated; avoid bipolar; TIER 2,Amino Acid Derivative,6,52,4000,Depression improvement SMD -0.58; liver support,-0.58,-0.72,-0.44,Joint health; methylation support,Depression scales,Liver enzymes; SAMe levels,HAM-D; liver function,800-1600 mg,400-1600 mg,Empty stomach morning,8 weeks,,Good,10%,Bipolar disorder; surgery,MAOIs; serotonergic drugs,High,Standard dosing,Standard dosing; avoid pregnancy,Same across ages,Avoid pregnancy,Moderate,55%,Moderate,Prescription in some countries,Depression adjunct protocols,Methyl donor; neurotransmitter synthesis,Enteric coating needed; unstable,Enteric-coated; butanedisulfonate form,2-4 weeks,1 week,B vitamins,Antidepressants,YES,34567456.0
48,L-Tyrosine,2,2,KEEP,Stress + catecholamines; empty stomach; TIER 2,Amino Acid,4,18,1200,Cognitive support under stress,0.28,0.12,0.44,Catecholamine precursor; thyroid support,Cognitive tests,Catecholamine markers,Performance under stress,500-2000 mg,250-4000 mg,Empty stomach morning,4 weeks,,Excellent,<3%,Hyperthyroidism; MAOIs,MAOIs; thyroid medications,Moderate,Standard dosing,Standard dosing,Same across ages,Safe all phases,Low-Moderate,40%,Moderate,GRAS,Stress/cognitive protocols,Dopamine/norepinephrine precursor,Competes with other LNAAs,L-form; NALT alternative,Acute to 4 weeks,1 week,B6 as cofactor,MAOIs,YES,35789567.0
49,L-Arginine,2,2,KEEP,BP reduction −6.4 mmHg; citrulline may be better; TIER 2,Amino Acid,8,35,2800,Blood pressure reduction -6.4 mmHg,-6.4,-8.5,-4.3,Nitric oxide precursor; wound healing,Blood pressure,NO metabolites,Blood pressure; flow-mediated dilation,6-9g daily,2-20g,Divided doses; empty stomach,8 weeks,,Good,8%,Herpes activation; post-MI caution,PDE5 inhibitors; blood pressure meds,Moderate,May support erectile function,Standard dosing,Caution in elderly cardiac,Safe all phases,Moderate,45%,Moderate,GRAS,Blood pressure protocols,NO synthase substrate,Extensive first-pass metabolism,L-form; citrulline may be better,4-8 weeks,1 week,Citrulline more effective,PDE5 inhibitors,YES,35012890.0
50,L-Glutamine,2,2,KEEP,Gut barrier + immune; 15-30g for gut health; TIER 2,Amino Acid,5,22,1800,Gut barrier support; immune function,0.25,0.1,0.4,Exercise recovery; critical illness,Gut permeability,Zonulin; immune markers,GI symptoms; recovery,15-30g for gut; 5g general,2-40g,Empty stomach or post-workout,8 weeks,,Excellent,<5%,Liver disease; Reye syndrome,None significant,,Standard dosing,Standard dosing,Important for elderly gut health,Safe all phases,Moderate,50%,Moderate,GRAS,Gut health protocols,Enterocyte fuel; glutathione precursor,Good absorption,L-form powder,4-8 weeks,,Probiotics,,YES,39397201.0
51,Fenugreek,2,2,KEEP,Testosterone support; 50% saponin extract; TIER 2,Botanical,5,22,1800,Testosterone support; glucose control,0.32,0.18,0.46,Libido; milk production,Testosterone,Glucose; libido scores,Hormone panel; sexual function,500-600 mg extract,300-1000 mg,With meals,8 weeks,,Good,8%,Pregnancy; hormone-sensitive conditions,Diabetes medications; anticoagulants,Moderate,Testosterone support; libido,Milk production; avoid pregnancy,Same across ages,Avoid pregnancy; supports lactation,Moderate,45%,Moderate,Supplement,Male health protocols,Saponins; aromatase modulation,Good absorption,50% saponin extract,4-8 weeks,1 week,Zinc,Diabetes meds,YES,35345678.0
52,Tongkat Ali (Eurycoma longifolia),2,2,KEEP,Testosterone SMD 1.35; cortisol reduction; TIER 2,Botanical,4,15,1200,Testosterone increase SMD 1.35; stress reduction,1.35,0.95,1.75,Libido; ergogenic,Testosterone,Cortisol; libido,Hormone panel; sexual function,200-400 mg,100-600 mg,Morning,8 weeks,,Good,5%,Hormone-sensitive conditions,None significant,,Testosterone support,Avoid if hormone-sensitive,Same across ages,Avoid pregnancy,Moderate,50%,Moderate,Supplement,Male health protocols,Quassinoids; HPA modulation,Good absorption,100:1 or 200:1 extract,4-8 weeks,1 week,Other adaptogens,,YES,35456789.0
53,Maca Root,2,2,KEEP,Libido + energy; gelatinized for GI; TIER 2,Botanical,4,15,1100,Libido enhancement; energy support,0.28,0.15,0.41,Mood; hormonal balance,Libido scores,Hormone panel,Sexual function; energy,1500-3000 mg,500-5000 mg,With meals,8 weeks,,Excellent,<5%,,,,Standard dosing; libido support,May support hormonal balance,Same across ages,Safe all phases,Low-Moderate,50%,Moderate,GRAS,Male/female health protocols,Adaptogenic; nutritive,Good bioavailability,Gelatinized for GI tolerance,4-8 weeks,1 week,Other adaptogens,,YES,34567234.0
54,Beta-Alanine,1,1,KEEP,Endurance +2.85%; tingles harmless; TIER 1,Amino Acid,8,55,3500,Endurance improvement +2.85%; carnosine increase,0.35,0.25,0.45,High-intensity exercise; muscle fatigue delay,Muscle carnosine,Exercise performance,Time to exhaustion; power,3.2-6.4g daily,2-6.4g,Any time; divided reduces tingles,4 weeks,,Excellent,Paresthesia common,,,,Supports exercise endurance,Standard dosing,Same across ages,Safe all phases,High,30%,Low,GRAS,ISSN position stand,Carnosine precursor; pH buffering,Good; divided reduces tingles,Sustained release option,4-8 weeks,4 weeks,Creatine,,YES,34678901.0
55,Beetroot/Nitrate,1,1,KEEP,Exercise performance +3%; BP reduction; TIER 1,Botanical,7,45,2800,Exercise performance +3%; blood pressure reduction,0.38,0.28,0.48,Nitric oxide pathway; endurance,Blood pressure,Nitrate/nitrite levels,Time trial; VO2 max,500-600 mg nitrate,300-900 mg nitrate,2-3 hours pre-exercise,1 week,,Excellent,<3%,,Antibiotics reduce effect (oral bacteria),,Supports exercise,Standard dosing,May benefit elderly vascular,Safe all phases,High,25%,Low,GRAS,Exercise performance,Nitrate-nitrite-NO pathway,Good; requires oral bacteria,Juice or powder with nitrate content verified,Acute and chronic,,Citrulline,Mouthwash reduces effect,YES,35234567.0
56,Caffeine,1,1,KEEP,Performance + cognition; tolerance develops; TIER 1,Stimulant,15,180,12000,Performance enhancement 3-5%; cognitive improvement,0.45,0.35,0.55,Alertness; fat oxidation; endurance,Reaction time; power,Adenosine receptor occupancy,Time to exhaustion; cognition,100-400 mg,50-600 mg,30-60 min pre-activity,Immediate,,Good,15-20% tolerance,Anxiety disorders; arrhythmias,Many CYP1A2 substrates,Moderate-High,Standard dosing,Limit pregnancy to <200mg,Reduced clearance elderly,Limit to <200mg pregnancy,High,40%,Low,GRAS,ISSN; exercise guidelines,Adenosine antagonism; catecholamines,Rapid complete absorption,Anhydrous or coffee,30-60 min,5-7 days for reset,L-theanine for focus,Sleep timing,YES,35789012.0
57,Glycine,1,1,KEEP,Sleep quality + collagen; 3g before bed; TIER 1,Amino Acid,5,25,1800,Sleep quality improvement; collagen synthesis,0.35,0.22,0.48,Neuroprotection; antioxidant; glutathione,Sleep quality scores,Glycine levels,Subjective sleep; cognition,3g before bed,2-5g,30-60 min before bed,Immediate,,Excellent,<1%,,,Low,Standard dosing,Standard dosing,Same across ages,Safe all phases,Moderate-High,25%,Low,GRAS,Sleep protocols,NMDA co-agonist; collagen component,Excellent bioavailability,Powder form,Immediate,,Magnesium for sleep,,YES,34567890.0
58,Vitamin B6 (Pyridoxine/P5P),1,1,KEEP,Cofactor for 150+ enzymes; P5P active form; TIER 1,Vitamin,8,45,5500,Cofactor for neurotransmitter synthesis,0.42,0.32,0.52,Mood; homocysteine; PMS support,Plasma PLP,Homocysteine,Mood; PMS symptoms,25-100 mg,10-200 mg,With meals,8 weeks,,Excellent,<3% at recommended doses,Neuropathy at >200mg chronic,Levodopa; phenytoin,Moderate,Standard dosing,PMS support,Higher needs elderly,Important preconception/pregnancy,High,20%,Low,RDA established,NIH; PMS guidelines,PLP cofactor; amino acid metabolism,P5P bypasses conversion issues,P5P for better absorption,2-4 weeks,1 week,Magnesium; zinc,High doses caution,YES,35234567.0
59,Choline (Alpha-GPC/CDP),1,1,KEEP,Cognitive + cell membranes; Alpha-GPC or CDP forms; TIER 1,Essential Nutrient,6,35,2500,Cognitive support; cell membrane synthesis,0.38,0.28,0.48,Liver health; athletic performance,Choline levels,Cognitive tests; acetylcholine,Memory; reaction time,300-600 mg Alpha-GPC,250-1200 mg,Morning or pre-workout,8 weeks,,Excellent,<5%,,Acetylcholinesterase inhibitors,Low,Standard dosing,Critical pregnancy,Higher needs elderly,Critical pregnancy,High,30%,Low,RDA established,Cognitive/pregnancy guidelines,Acetylcholine precursor; phospholipid,Alpha-GPC well absorbed; crosses BBB,Alpha-GPC or CDP-choline,2-4 weeks,1 week,Racetams; fish oil,,YES,34678234.0
60,Vitamin A (Retinol/Beta-carotene),1,1,KEEP,Vision + immune + skin; beta-carotene safer; TIER 1,Vitamin,8,55,8500,Vision; immune function; skin health,0.45,0.35,0.55,Cell differentiation; antioxidant,Serum retinol,Vision tests; immune markers,Night vision; infection rate,3000-5000 IU retinol or 15mg beta-carotene,2500-10000 IU,With fat-containing meal,8 weeks,,Good,<3% at recommended,Pregnancy (high retinol); liver disease,Retinoids; orlistat,Moderate,Standard dosing,AVOID high retinol pregnancy,Same across ages,Preformed limit in pregnancy,High,25%,Low,RDA established,Vision/immune guidelines,Gene transcription; rhodopsin,Fat-soluble; beta-carotene non-toxic,Beta-carotene in pregnancy; retinol otherwise,4-8 weeks,4-8 weeks,Zinc for transport,,YES,35567890.0
61,Vitamin E (Mixed Tocopherols),2,2,KEEP,Antioxidant; mixed tocopherols not synthetic; TIER 2,Vitamin,10,65,45000,Antioxidant protection,0.22,0.12,0.32,Cell membrane protection; skin health,Serum tocopherol,Lipid peroxidation markers,Oxidative stress,200-400 IU mixed,100-800 IU,With fat-containing meal,8 weeks,,Good,5%,Bleeding disorders; surgery,Anticoagulants; statins,Moderate,Standard dosing,Standard dosing,Higher needs elderly,Safe pregnancy at reasonable doses,Low-Moderate,40%,Moderate,RDA established,Antioxidant protocols,Lipid peroxyl radical scavenging,Fat-soluble; requires fat,Mixed tocopherols not synthetic dl-alpha,4-8 weeks,4 weeks,Vitamin C regeneration,High-dose omega-3; anticoagulants,YES,34890567.0
62,Copper,2,2,KEEP,Zinc balance; 1-3 mg with zinc; TIER 2,Mineral,5,25,3200,Zinc balance; enzyme function,0.25,0.15,0.35,Iron metabolism; connective tissue,Serum copper; ceruloplasmin,Copper enzymes,Copper status,1-3 mg,0.5-4 mg,With zinc supplementation,8 weeks,,Excellent,<3%,Wilson's disease,Zinc competes; penicillamine,Low,Standard dosing,Standard dosing,Monitor elderly,Safe all phases,Moderate,30%,Low,RDA established,If supplementing zinc,Enzyme cofactor; SOD; cytochrome c oxidase,Well absorbed; zinc interferes,Copper gluconate or bisglycinate,4-8 weeks,2 weeks,Zinc at 1:15 ratio,High-dose zinc,YES,35012345.0
63,Manganese,2,2,KEEP,Bone + antioxidant; avoid excess; TIER 2,Mineral,4,18,1500,Bone health; antioxidant enzyme function,0.22,0.1,0.34,Cartilage formation; glucose metabolism,Serum manganese,MnSOD activity,Bone markers,2-5 mg,1-11 mg,With meals,8 weeks,,Excellent,<3%,Liver disease; neurotoxicity at excess,Iron; calcium reduce absorption,Low,Standard dosing,Standard dosing,Monitor elderly,Safe at recommended doses,Low-Moderate,35%,Moderate,RDA established,Bone/antioxidant protocols,MnSOD cofactor; cartilage,Moderate; competes with iron,Manganese gluconate or bisglycinate,4-8 weeks,2 weeks,Bone support nutrients,,YES,34567890.0
64,Chromium,2,2,KEEP,Glucose metabolism; picolinate form; modest effects; TIER 2,Mineral,8,45,4500,Modest glucose metabolism support,0.18,0.08,0.28,Insulin sensitivity; body composition,Fasting glucose,HbA1c; insulin,Glycemic control,200-500 mcg,50-1000 mcg,With meals,12 weeks,,Excellent,<3%,Renal disease,Insulin; diabetes medications,Moderate,Standard dosing,Standard dosing; caution pregnancy,Same across ages,Caution pregnancy; limited data,Low-Moderate,50%,Moderate,RDA established,Glucose support protocols,Chromodulin; insulin signaling,Picolinate best absorbed,Chromium picolinate,8-12 weeks,2 weeks,Alpha-lipoic acid,,YES,35678901.0
65,Potassium,1,1,KEEP,BP reduction; critical electrolyte; food sources preferred; TIER 1,Mineral,12,85,15000,Blood pressure reduction,0.55,0.45,0.65,Muscle function; heart rhythm,Serum potassium,Blood pressure,Cardiovascular outcomes,2600-3400 mg (diet + supplement),99-500 mg supplement,With meals,4 weeks,,Good,5%,Renal disease; hyperkalemia,ACE inhibitors; ARBs; potassium-sparing diuretics,High,Standard dosing,Standard dosing,Monitor elderly; renal function,Safe all phases,High,30%,Low,RDA established,DASH diet; hypertension guidelines,Na/K ATPase; membrane potential,Well absorbed; limited supplement doses,Citrate or gluconate; food sources primary,2-4 weeks,1 week,Magnesium,,YES,34789012.0
66,Boron,2,2,KEEP,Bone + testosterone; 3-6 mg; TIER 2,Mineral,4,15,1200,Bone health; hormone metabolism,0.25,0.12,0.38,Testosterone support; cognitive,Bone markers,Testosterone; estrogen,Bone density,3-6 mg,1-10 mg,With meals,8 weeks,,Excellent,<3%,,,,Testosterone support,Standard dosing,May benefit elderly bones,Safe all phases,Low-Moderate,40%,Moderate,Not established,Bone health protocols,Mineral metabolism; hormone cofactor,Well absorbed,Boron glycinate or citrate,4-8 weeks,1 week,Vitamin D; calcium,,YES,35012789.0
67,Silicon (Orthosilicic Acid),2,2,KEEP,Collagen + bone; bioavailable forms; TIER 2,Mineral,3,12,900,Collagen synthesis; bone health,0.25,0.1,0.4,Hair/nail/skin quality,Collagen markers,Bone density,Connective tissue health,5-10 mg,5-20 mg,With meals,12 weeks,,Excellent,<3%,,,Low,Standard dosing,Hair/skin/nail benefits,Same across ages,Safe all phases,Low-Moderate,45%,High,Not established,Connective tissue protocols,Collagen cross-linking; bone mineralization,Orthosilicic acid best absorbed,Stabilized orthosilicic acid; choline-stabilized,8-12 weeks,4 weeks,Collagen; vitamin C,,YES,34567890.0
68,Phosphatidylserine,2,2,KEEP,Cognitive + cortisol; soy or sunflower derived; TIER 2,Phospholipid,5,18,1500,Cognitive support; cortisol modulation,0.28,0.15,0.41,Exercise recovery; stress,Cognitive tests,Cortisol,Memory; attention,100-300 mg,100-500 mg,With meals,8 weeks,,Excellent,<3%,,Anticoagulants,Low,Standard dosing,Standard dosing,May benefit elderly cognition,Safe all phases,Moderate,40%,Moderate,GRAS,Cognitive protocols,Cell membrane component; signal transduction,Good absorption with fat,Sunflower-derived if soy allergy,4-8 weeks,2 weeks,Omega-3; Alpha-GPC,,YES,35234567.0
69,Lutein,1,1,KEEP,Eye health AREDS2; 10 mg + zeaxanthin; TIER 1,Carotenoid,8,35,4500,Macular health; AMD protection,0.45,0.35,0.55,Blue light protection; skin,Macular pigment density,Visual function,AMD progression,10 mg + 2 mg zeaxanthin,6-20 mg,With fat-containing meal,12 weeks,,Excellent,<1%,,,,Standard dosing,Standard dosing,Critical for elderly macular health,Safe all phases,High,20%,Low,GRAS; AREDS2 formulation,AREDS2; AMD guidelines,Macular pigment; blue light filter,Fat-soluble; needs dietary fat,FloraGLO or equivalent,8-12 weeks,4 weeks,Zeaxanthin; omega-3,,YES,34890123.0
70,Zeaxanthin,1,1,KEEP,Eye health AREDS2; paired with lutein; TIER 1,Carotenoid,6,28,3800,Macular health support,0.42,0.32,0.52,Central vision protection,Macular pigment density,Visual function,Macular health,2-4 mg with lutein,2-6 mg,With fat-containing meal,12 weeks,,Excellent,<1%,,,,Standard dosing,Standard dosing,Critical for elderly,Safe all phases,High,20%,Low,GRAS; AREDS2,AREDS2; AMD guidelines,Central macular pigment,Fat-soluble,With lutein 5:1 ratio,8-12 weeks,4 weeks,Lutein; omega-3,,YES,35012345.0
71,Bilberry Extract,2,2,KEEP,Anthocyanins for eye + vascular; standardized 25%; TIER 2,Botanical,5,18,1400,Eye health; vascular support,0.28,0.15,0.41,Night vision; capillary health,Visual function,Anthocyanin levels,Eye fatigue; circulation,80-160 mg standardized,60-300 mg,With meals,8 weeks,,Excellent,<3%,,,Low,Standard dosing,Standard dosing,May benefit elderly vision,Safe all phases,Moderate,40%,Moderate,Supplement,Eye health protocols,Anthocyanins; vascular protection,Moderate absorption,Standardized 25% anthocyanins,4-8 weeks,1 week,Lutein; omega-3,,YES,34678901.0
72,Ginkgo biloba,2,2,KEEP,Circulation + cognition; EGb 761 standardized; caution bleeding; TIER 2,Botanical,12,65,5500,Circulation; cognitive support,0.28,0.18,0.38,Tinnitus; vertigo,Cognitive tests,Cerebral blood flow,Memory; processing speed,120-240 mg EGb 761,80-320 mg,Divided doses with meals,12 weeks,,Good,5%,Bleeding disorders; seizures,Anticoagulants; SSRIs; MAOIs,Moderate,Standard dosing,Standard dosing; caution pregnancy,May benefit elderly cognition,Avoid pregnancy,Low-Moderate,55%,Moderate,Supplement in US; drug in Europe,Cognitive/circulation protocols,Flavonoids; terpene lactones; PAF inhibition,Moderate; standardized better,EGb 761 standardized extract,8-12 weeks,2 weeks,Bacopa; phosphatidylserine,Blood thinners,YES,35456789.0
73,Saw Palmetto,2,2,KEEP,BPH support; mixed evidence; liposterolic extract; TIER 2,Botanical,8,32,4500,BPH symptom support (mild),0.22,0.1,0.34,Urinary flow; prostate health,IPSS score,PSA unchanged,Urinary symptoms,320 mg liposterolic,160-640 mg,With meals,12 weeks,,Good,5%,Hormone-sensitive conditions,5-alpha reductase inhibitors,Low,BPH support,Avoid; hormone effects,Same across ages,N/A for females,Low-Moderate,60%,Moderate,Supplement,BPH protocols; mixed guidelines,5-alpha reductase inhibition,Liposterolic extract best absorbed,85-95% fatty acids/sterols,8-12 weeks,4 weeks,Pygeum; nettle root,,YES,34890234.0
74,Pygeum africanum,2,2,KEEP,BPH adjunct; with saw palmetto; TIER 2,Botanical,4,18,1500,BPH symptom support,0.25,0.12,0.38,Urinary symptoms,IPSS score,Prostate markers,Urinary flow,100-200 mg,50-200 mg,With meals,8 weeks,,Good,5%,Hormone-sensitive conditions,,Low,BPH support,Avoid,Same across ages,N/A for females,Low-Moderate,45%,Moderate,Supplement,BPH protocols,Phytosterols; pentacyclic triterpenes,Moderate absorption,Standardized 14% triterpenes,8-12 weeks,2 weeks,Saw palmetto; nettle,,YES,35123456.0
75,Stinging Nettle Root,2,2,KEEP,BPH + SHBG modulation; root not leaf; TIER 2,Botanical,4,15,1200,BPH support; SHBG modulation,0.25,0.1,0.4,Prostate health; hormone balance,IPSS; SHBG,Hormone panel,Urinary symptoms,300-600 mg root extract,120-800 mg,With meals,8 weeks,,Good,5%,Hormone-sensitive conditions,Diabetes meds; blood pressure meds,Moderate,SHBG modulation; BPH,Avoid; hormone effects,Same across ages,N/A typically,Low-Moderate,50%,Moderate,Supplement,BPH protocols,Lignans; SHBG binding,Good absorption,Root extract not leaf,4-8 weeks,1 week,Saw palmetto; pygeum,,YES,34567891.0
76,DIM (Diindolylmethane),2,2,KEEP,Estrogen metabolism; from cruciferous; 100-200 mg; TIER 2,Botanical Metabolite,4,15,1100,Estrogen metabolism support,0.28,0.12,0.44,Hormone balance,Estrogen metabolite ratios,2:16 hydroxyestrone ratio,Hormone balance markers,100-200 mg,50-300 mg,With meals,8 weeks,,Good,5%,Hormone-sensitive conditions,Hormone therapies; CYP substrates,Moderate,May support estrogen metabolism,Estrogen metabolism support,Same across ages,Cycle-dependent use,Low-Moderate,50%,High,Supplement,Hormone balance protocols,I3C metabolite; estrogen metabolism,Moderate; enhanced forms better,Microencapsulated DIM,4-8 weeks,1 week,I3C precursor,Hormone medications,YES,35234890.0
77,I3C (Indole-3-Carbinol),2,2,KEEP,Estrogen metabolism; converts to DIM; 200-400 mg; TIER 2,Botanical,5,18,1500,Estrogen metabolism precursor,0.25,0.1,0.4,Hormone balance; cellular health,Estrogen metabolites,2:16 ratio,Hormone balance,200-400 mg,100-600 mg,With meals,8 weeks,,Good,8%,Hormone-sensitive conditions,Hormone therapies; CYP inducers,Moderate,May affect hormones,Estrogen metabolism,Same across ages,Use with caution,Low-Moderate,55%,Moderate,Supplement,Hormone protocols,DIM precursor; AhR activation,Variable; converts to DIM,May cause GI upset; DIM may be better,4-8 weeks,1 week,DIM direct,Hormone medications,YES,34789012.0
78,Milk Thistle (Silymarin),2,2,KEEP,Liver support; 70-80% silymarin; phytosome better; TIER 2,Botanical,8,35,3500,Liver protection; antioxidant,0.28,0.18,0.38,Hepatoprotective; detoxification,Liver enzymes,ALT; AST,Liver function tests,200-400 mg silymarin,140-600 mg,With meals,12 weeks,,Excellent,<5%,Hormone-sensitive conditions,,Low,Standard dosing,Caution hormone-sensitive,Same across ages,Safe all phases; caution estrogen,Moderate,40%,Moderate,GRAS,Liver support protocols,Silymarin flavonolignans; hepatoprotection,Poor native; phytosome better,Silymarin phytosome or silybin-phosphatidylcholine,8-12 weeks,2 weeks,NAC; ALA,,YES,35456890.0
79,Dandelion Root,2,2,KEEP,Digestive + mild diuretic; traditional use; TIER 2,Botanical,3,12,800,Digestive support; mild diuretic,0.2,0.05,0.35,Liver support; prebiotic,Digestive symptoms,Liver enzymes,Digestive comfort,500-2000 mg,250-3000 mg,With meals,4 weeks,,Excellent,<3%,Bile duct obstruction; gallstones,Diuretics; lithium,Low,Standard dosing,Standard dosing,Same across ages,Safe all phases,Low,55%,High,GRAS,Traditional digestive protocols,Bitter compounds; inulin fiber,Good absorption,Root extract or tea,2-4 weeks,1 week,Milk thistle,,YES,34567234.0
80,Artichoke Extract,2,2,KEEP,Digestive + lipid support; cynarin active; TIER 2,Botanical,5,22,1800,Digestive support; mild lipid benefits,0.25,0.12,0.38,Bile flow; liver support,Digestive symptoms,Lipid panel; liver enzymes,Indigestion; dyspepsia,320-640 mg,180-1800 mg,Before meals,6 weeks,,Excellent,<5%,Bile duct obstruction; ragweed allergy,,,Standard dosing,Standard dosing,Same across ages,Safe all phases,Moderate,45%,Moderate,GRAS,Digestive protocols,Cynarin; chlorogenic acid; bile stimulation,Moderate absorption,Standardized cynarin content,4-8 weeks,1 week,Milk thistle; dandelion,,YES,35789123.0
81,Digestive Enzymes,2,2,KEEP,Condition-specific; pancreatic insufficiency clear benefit; general use less clear; TIER 2,Enzyme Blend,6,28,2400,Digestive support for insufficiency,0.32,0.18,0.46,Nutrient absorption; bloating reduction,Digestive symptoms,Stool fat; nutrient absorption,Digestive comfort; malabsorption,Varies by product,Per meal basis,With meals,Immediate,,Excellent,<5%,Pancreatitis; pork allergy (pancreatin),,Low,Standard dosing,Standard dosing,Reduced enzyme production elderly,Safe all phases,Moderate (insufficiency) / Low (general),50%,Moderate,GRAS,Insufficiency guidelines,Proteases; lipases; amylases,Active in GI tract,Broad-spectrum with meals,Immediate,None,Probiotics; HCl,,YES,34890345.0
82,Betaine HCl,2,2,KEEP,Low stomach acid support; with protein meals; TIER 2,Digestive Aid,3,12,600,Stomach acid support,0.25,0.08,0.42,Protein digestion; mineral absorption,Gastric pH indirect,H. pylori status,Digestive symptoms,650-2600 mg with protein,325-3000 mg,With protein-containing meals,Immediate,,Good,8%,Ulcers; gastritis; H. pylori,NSAIDs; PPIs,Moderate,Standard dosing,Standard dosing,May benefit elderly hypochlorhydria,Safe all phases,Low-Moderate,55%,High,Supplement,Low stomach acid protocols,HCl provision; pepsin activation,Active in stomach,With pepsin; with protein meals,Immediate,None,Digestive enzymes,NSAIDs; PPIs timing,YES,35012567.0
83,Apple Cider Vinegar,2,2,KEEP,Modest glucose effects; dilute always; TIER 2,Fermented Food,4,18,1500,Modest postprandial glucose effect,0.18,0.05,0.31,Digestive support; satiety,Postprandial glucose,Insulin response,Glycemic control,15-30 mL diluted,10-30 mL,Before meals diluted,Immediate,,Good,10%,Gastroparesis; ulcers; dental enamel,Diuretics; insulin,Low,Standard dosing,Standard dosing,Same across ages,Safe all phases diluted,Low,60%,High,GRAS,Glucose support adjunct,Acetic acid; delayed gastric emptying,Well absorbed,Always dilute; straw for teeth,Immediate,None,None specific,Diabetes medications,YES,34567890.0
84,Bromelain,2,2,KEEP,Anti-inflammatory; joint + sinus; away from meals for systemic; TIER 2,Enzyme,5,22,1600,Anti-inflammatory; digestive support,0.28,0.15,0.41,Joint support; sinus; protein digestion,Inflammatory markers,Swelling; pain,Inflammation; digestion,500-2000 mg,200-2000 mg,Away from meals for systemic,4 weeks,,Good,8%,Pineapple allergy; bleeding disorders,Anticoagulants; antibiotics,Moderate,Standard dosing,Standard dosing; caution pregnancy,Same across ages,Caution pregnancy,Moderate,45%,Moderate,GRAS,Anti-inflammatory protocols,Proteolytic enzyme; COX inhibition,Good absorption away from food,Enteric-coated for systemic,2-4 weeks,1 week,Quercetin; turmeric,Blood thinners,YES,35678234.0
85,Serrapeptase,2,2,KEEP,Anti-inflammatory enzyme; limited evidence; enteric-coated; TIER 2,Enzyme,4,15,1100,Anti-inflammatory; fibrinolytic,0.22,0.08,0.36,Mucus reduction; sinus,Pain; swelling,Inflammatory markers,Inflammation outcomes,60000-120000 SPU,10000-120000 SPU,Empty stomach,4 weeks,,Good,5%,Bleeding disorders; surgery,Anticoagulants,Moderate,Standard dosing,Standard dosing,Same across ages,Caution pregnancy,Low-Moderate,55%,High,Supplement,Anti-inflammatory protocols,Proteolytic enzyme; fibrin degradation,Enteric coating needed,Enteric-coated; SPU standardized,2-4 weeks,1 week,Bromelain; nattokinase,Blood thinners,YES,34789456.0
86,Nattokinase,2,2,KEEP,Fibrinolytic; cardiovascular; avoid with anticoagulants; TIER 2,Enzyme,4,18,1400,Fibrinolytic; blood flow support,0.28,0.12,0.44,Cardiovascular; blood pressure,Fibrin markers,D-dimer; blood viscosity,Clot markers,2000-4000 FU,1000-4000 FU,Empty stomach,8 weeks,,Good,5%,Bleeding disorders; surgery; anticoagulants,Anticoagulants absolute,High,Standard dosing,Standard dosing; caution pregnancy,Caution elderly on blood thinners,Avoid pregnancy,Moderate,50%,Moderate,Supplement,Cardiovascular protocols,Fibrin degradation; plasmin-like activity,Good absorption fasting,FU standardized; vitamin K2-free,4-8 weeks,2 weeks,Serrapeptase caution,Anticoagulants absolute,YES,35012890.0
87,Vitamin K2 (MK-7),1,1,KEEP,Vascular + bone; MK-7 superior half-life; TIER 1,Vitamin,7,35,4200,Vascular and bone calcium direction,0.45,0.35,0.55,Arterial calcification prevention; osteocalcin activation,Carboxylated osteocalcin,Arterial calcification scores; bone density,Cardiovascular; bone,100-200 mcg MK-7,50-300 mcg,With fat-containing meal,12 weeks,,Excellent,<1%,Warfarin users,Warfarin absolute,High,Standard dosing,Standard dosing,Critical for elderly,Critical all phases,High,20%,Low,GRAS,Bone/cardiovascular guidelines,Matrix Gla protein carboxylation,MK-7 superior bioavailability; long half-life,MK-7 form; not MK-4,8-12 weeks,4 weeks,Vitamin D; calcium,Warfarin,YES,35234678.0
88,Pantothenic Acid (Vitamin B5),2,2,KEEP,Energy + CoA synthesis; acne support high dose; TIER 2,Vitamin,4,18,1500,Energy metabolism; CoA synthesis,0.22,0.1,0.34,Acne (high dose); adrenal support,Energy levels,Lipid synthesis markers,Skin; energy,500-1000 mg,100-2000 mg,With meals,8 weeks,,Excellent,<3%,,,Low,Standard dosing,Standard dosing,Same across ages,Safe all phases,Low-Moderate,40%,Moderate,RDA established,B-complex protocols,CoA synthesis; fatty acid metabolism,Well absorbed,Pantethine for lipids; pantothenic for general,4-8 weeks,1 week,B-complex,,YES,34567123.0
89,Biotin (Vitamin B7),2,2,KEEP,Hair/nail/skin; 2.5-5 mg; interferes with lab tests; TIER 2,Vitamin,4,18,1800,Hair/nail/skin support,0.22,0.1,0.34,Glucose metabolism; gene expression,Hair/nail quality,Biotin levels,Hair growth; nail strength,2500-5000 mcg,1000-10000 mcg,Any time,12 weeks,,Excellent,<1%,Lab test interference (thyroid; troponin),,,Standard dosing,Hair/skin benefits,Same across ages,Safe all phases; pregnancy important,Low-Moderate,50%,Moderate,RDA established,Hair/skin protocols; diabetes adjunct,Carboxylase cofactor; gene expression,Well absorbed,Stop 48h before lab tests,8-12 weeks,Weeks for lab clearance,B-complex,Lab test interference,YES,35789345.0
90,Iron (Ferrous/Ferric forms),1,1,KEEP,Deficiency correction; ferrous better absorbed; vitamin C enhances; TIER 1,Mineral,12,65,12000,Deficiency correction; hemoglobin synthesis,0.65,0.55,0.75,Energy; cognitive function; immune,Ferritin; hemoglobin,Transferrin saturation; TIBC,Anemia; fatigue,18-65 mg elemental,8-65 mg,Empty stomach or with vitamin C,12 weeks,,Good,25%,Hemochromatosis; hemosiderosis,Antacids; tetracyclines; zinc,Moderate,Lower needs than females,Menstruating; pregnancy critical,Higher needs elderly anemia,Critical menstruation; pregnancy,High,35%,Low,RDA established,Anemia guidelines,Hemoglobin; myoglobin; cytochromes,Ferrous better; vitamin C enhances,Ferrous bisglycinate gentlest,4-8 weeks for stores,None if deficient,Vitamin C,Zinc; calcium; tannins timing,YES,34890567.0
91,Calcium,2,2,KEEP,Bone health; food sources preferred; vitamin D dependent; TIER 2,Mineral,15,95,25000,Bone health; muscle function,0.32,0.22,0.42,Nerve transmission; blood clotting,Serum calcium; bone density,PTH; vitamin D,Bone fracture risk,500-600 mg per dose max,500-1200 mg,Divided doses with meals,Long-term,,Good,5%,Hypercalcemia; kidney stones history,Bisphosphonates; tetracyclines,Moderate,Standard dosing,Higher needs postmenopause,Higher needs elderly,Critical all phases especially elderly,Low-Moderate,45%,Low,RDA established,Bone health guidelines; food first,Bone matrix; signal transduction,500mg max per dose; citrate without food,Citrate or food sources,Chronic,N/A,Vitamin D; K2; magnesium,Iron; zinc timing,YES,35012678.0
92,Vitamin B1 (Thiamine),1,1,KEEP,Energy metabolism; deficiency prevention; benfotiamine for neuropathy; TIER 1,Vitamin,6,35,4500,Energy metabolism; nervous system,0.42,0.32,0.52,Carbohydrate metabolism; nerve function,Thiamine status,Erythrocyte transketolase,Energy; neuropathy,100-300 mg,50-500 mg,With meals,8 weeks,,Excellent,<1%,,,Low,Standard dosing,Standard dosing,Higher needs elderly,Safe all phases,High,25%,Low,RDA established,Neuropathy; deficiency protocols,TPP cofactor; pyruvate dehydrogenase,Well absorbed; benfotiamine lipid-soluble,Benfotiamine for neuropathy; thiamine HCl general,2-4 weeks,1 week,B-complex; magnesium,,YES,34678901.0
93,GABA (Gamma-aminobutyric acid),2,2,KEEP,Limited BBB crossing; pharmaGABA may differ; relaxation; TIER 2,Amino Acid,3,15,1100,Relaxation; stress reduction,0.22,0.08,0.36,Sleep onset; anxiety,Relaxation scores,Cortisol; alpha waves,Subjective relaxation,100-250 mg,100-750 mg,30-60 min before bed or stress,Immediate,,Excellent,<3%,,Sedatives; anti-anxiety meds,Low,Standard dosing,Standard dosing,Same across ages,Safe all phases,Low-Moderate,50%,High,GRAS,Relaxation protocols,GABA receptors (peripheral); BBB controversy,Poor BBB crossing; pharmaGABA may differ,PharmaGABA fermented form,Immediate to 30 min,None,L-theanine,Sedatives,YES,35234789.0
94,5-HTP,2,2,KEEP,Serotonin precursor; mood + sleep; avoid with SSRIs; TIER 2,Amino Acid,6,28,2200,Serotonin precursor; mood support,0.35,0.22,0.48,Sleep; appetite regulation,Mood scores,Serotonin markers indirect,Depression; sleep,50-300 mg,25-400 mg,Between meals or before bed,4 weeks,,Good,10%,Serotonin syndrome risk,SSRIs; MAOIs; triptans absolutely,High,Standard dosing,Standard dosing,Same across ages,Avoid pregnancy,Moderate,45%,Moderate,Supplement,Mood/sleep protocols,Serotonin biosynthesis,Good absorption; crosses BBB,With carbidopa sometimes; green coffee bean sourced,2-4 weeks,2 weeks,B6 cofactor,Serotonergic drugs absolute,YES,34890678.0
95,Tryptophan,2,2,KEEP,Serotonin/melatonin precursor; sleep; food sources good; TIER 2,Amino Acid,5,22,1800,Serotonin/melatonin precursor,0.28,0.15,0.41,Sleep; mood,Sleep quality,Tryptophan levels,Sleep onset; mood,500-2000 mg,250-3000 mg,Before bed away from protein,4 weeks,,Good,5%,EMS history concerns (largely resolved),SSRIs; MAOIs,Moderate,Standard dosing,Standard dosing,Same across ages,Safe all phases,Moderate,40%,Moderate,Supplement,Sleep/mood protocols,Serotonin/melatonin biosynthesis,Competes with LNAAs; carbs help,Away from protein foods,1-2 hours,2 weeks,B6; niacin; iron cofactors,Serotonergic drugs,YES,35012789.0
96,HMB (Beta-hydroxy beta-methylbutyrate),2,2,KEEP,Muscle preservation; elderly/catabolic benefit; leucine metabolite; TIER 2,Amino Acid Metabolite,6,28,2200,Muscle preservation; anti-catabolic,0.32,0.2,0.44,Strength; exercise recovery,Lean mass,Muscle breakdown markers,Muscle mass; strength,3g daily,1.5-6g,Divided doses or pre-workout,4 weeks,,Excellent,<3%,,,Low,Supports muscle preservation,Standard dosing,Critical for elderly sarcopenia,Safe all phases,Moderate,40%,Moderate,GRAS,Sarcopenia; catabolic protocols,Leucine metabolite; protein synthesis,Good absorption,Free acid faster than calcium HMB,2-4 weeks,1 week,Creatine; protein,,YES,34678234.0
97,D-Ribose,2,2,KEEP,Cellular energy; heart failure + CFS; 5g 3x/day; TIER 2,Sugar,4,18,1400,Cellular energy production,0.28,0.12,0.44,Heart failure; chronic fatigue,Energy/fatigue scores,ATP markers indirect,Exercise tolerance; fatigue,5g 3x daily,3-15g,Divided throughout day,4 weeks,,Excellent,5%,Diabetes (may lower glucose),,Low,Standard dosing,Standard dosing,May benefit elderly energy,Safe all phases,Moderate,50%,Moderate,GRAS,CFS/heart failure protocols,ATP ribose component; pentose phosphate,Well absorbed,Powder in water,1-4 weeks,1 week,CoQ10; creatine,,YES,35234890.0
98,Beta-Glucans (Oat/Mushroom),2,2,KEEP,Immune + cholesterol (source dependent); oat for cholesterol; mushroom for immune; TIER 2,Fiber/Polysaccharide,8,45,4500,Immune modulation; cholesterol reduction,0.32,0.22,0.42,Gut health; blood sugar,Immune markers; cholesterol,Cytokine profile; LDL,Immune function; lipids,250-500 mg mushroom; 3g oat,100-1000 mg,With meals,8 weeks,,Excellent,<3%,,,Low,Standard dosing,Standard dosing,Same across ages,Safe all phases,Moderate,40%,Low,GRAS; FDA health claim (oat),Immune/cholesterol protocols,Dectin-1 receptor (mushroom); bile binding (oat),Variable by source,Source-specific: oat for lipids; mushroom for immune,4-8 weeks,2 weeks,Vitamin C for immune,,YES,34890345.0
99,Elderberry,2,2,KEEP,Cold/flu duration; standardized extract; cytokine storm caution; TIER 2,Botanical,5,18,1800,Cold/flu duration reduction,0.35,0.2,0.5,Immune support; antiviral,Cold/flu duration,Immune markers,Symptom severity; duration,500-1000 mg standardized,175-1500 mg,At onset of symptoms,5-7 days during illness,,Good,5%,Autoimmune conditions; cytokine storm theoretical,Immunosuppressants,Low,Standard dosing,Standard dosing,Same across ages,Safe short-term all phases,Moderate,50%,Moderate,GRAS,Cold/flu protocols,Anthocyanins; cytokine modulation,Good absorption,Standardized Sambucus nigra,Immediate during illness,After recovery,Vitamin C; zinc,Immunosuppressants,YES,35012345.0
100,Echinacea,2,2,KEEP,Cold prevention/duration; species matters; E. purpurea; TIER 2,Botanical,10,55,8000,Cold duration/severity reduction,0.25,0.15,0.35,Immune stimulation,Cold duration,Immune cell activity,Cold symptoms,300-500 mg 3x during illness,250-1000 mg,Prevention or at onset,7-10 days max,,Good,5%,Autoimmune conditions; progressive immune diseases,Immunosuppressants; CYP3A4 substrates,Moderate,Standard dosing,Standard dosing,Same across ages,Short-term safe all phases,Low-Moderate,55%,Moderate,GRAS,Cold protocols,Alkylamides; polysaccharides; immune modulation,Variable by preparation,E. purpurea standardized,During illness or prevention cycles,1 week between cycles,Vitamin C; zinc,Immunosuppressants,YES,34567890.0
101,Andrographis,2,2,KEEP,Cold symptoms; Kan Jang formula studied; bitter taste; TIER 2,Botanical,6,25,2200,Cold symptom reduction,0.32,0.18,0.46,Immune support; anti-inflammatory,Cold severity,Immune markers,Symptom scores,400 mg standardized,200-600 mg,At onset divided doses,5-7 days,,Good,8%,Autoimmune; pregnancy; fertility concerns,Immunosuppressants; anticoagulants,Moderate,Standard dosing,Avoid pregnancy; fertility concerns,Same across ages,Avoid pregnancy,Moderate,45%,Moderate,Supplement,Cold protocols; Kan Jang,Andrographolide; NF-kB inhibition,Moderate absorption,Standardized andrographolide,During illness,After recovery,Echinacea; eleuthero,Immunosuppressants,YES,35678901.0
102,Astragalus,2,2,KEEP,Immune tonic; traditional use; adaptogen; TIER 2,Botanical,5,22,1800,Immune support; adaptogenic,0.25,0.1,0.4,Cardiovascular; anti-aging research,Immune markers,Telomere research,Immune function,500-2000 mg,250-4000 mg,With meals,8 weeks,,Excellent,<3%,Autoimmune conditions,Immunosuppressants,Low,Standard dosing,Standard dosing,Traditional elderly tonic,Safe all phases,Low-Moderate,50%,Moderate,GRAS,Immune tonic protocols,Polysaccharides; saponins; immune modulation,Variable by preparation,Standardized extract or traditional preparation,4-8 weeks,2 weeks,Other adaptogens,Immunosuppressants,YES,34890567.0
103,Olive Leaf Extract,2,2,KEEP,Cardiovascular + antimicrobial; oleuropein standardized; TIER 2,Botanical,5,22,1800,Cardiovascular support; antimicrobial,0.28,0.15,0.41,Blood pressure; immune; antioxidant,Blood pressure,Lipids; immune markers,Cardiovascular markers,500-1000 mg,150-1500 mg,With meals,8 weeks,,Excellent,<5%,,,Low,Standard dosing,Standard dosing,Same across ages,Safe all phases,Moderate,45%,Moderate,GRAS,Cardiovascular/antimicrobial protocols,Oleuropein; antioxidant; ACE inhibition,Good absorption,Standardized oleuropein 15-20%,4-8 weeks,2 weeks,CoQ10; garlic,,YES,35012678.0
104,Eleuthero (Siberian Ginseng),2,2,KEEP,Adaptogen; fatigue; not true ginseng; TIER 2,Adaptogen,5,22,1800,Adaptogenic; fatigue reduction,0.28,0.15,0.41,Immune; cognitive under stress,Fatigue scores,Cortisol; immune markers,Stress adaptation; endurance,300-1200 mg,100-1600 mg,Morning; cycling recommended,8 weeks,,Good,5%,Autoimmune; hypertension,Digoxin; anticoagulants; sedatives,Moderate,Standard dosing,Standard dosing; caution pregnancy,Same across ages,Avoid pregnancy,Moderate,50%,Moderate,GRAS,Adaptogen protocols,Eleutherosides; HPA modulation,Good absorption,Standardized eleutherosides,4-8 weeks,2 weeks,Other adaptogens,Digoxin; sedatives,YES,34678234.0
105,Schisandra,2,2,KEEP,Adaptogen; liver + endurance; five-flavor berry; TIER 2,Adaptogen,4,15,1100,Adaptogenic; liver support,0.25,0.1,0.4,Endurance; cognitive; liver protection,Fatigue; liver enzymes,Cortisol; liver markers,Stress adaptation; exercise,500-2000 mg,250-3000 mg,Morning; with meals,8 weeks,,Good,5%,Pregnancy; GERD; peptic ulcer,CYP substrates,Moderate,Standard dosing,Avoid pregnancy,Same across ages,Avoid pregnancy,Low-Moderate,50%,Moderate,GRAS,Adaptogen/liver protocols,Lignans; adaptogenic; hepatoprotective,Good absorption,Standardized schisandrins,4-8 weeks,2 weeks,Other adaptogens; milk thistle,CYP substrates,YES,35234567.0
106,Holy Basil (Tulsi),2,2,KEEP,Adaptogen; stress + glucose; avoid pregnancy; TIER 2,Adaptogen,5,18,1500,Adaptogenic; stress reduction,0.28,0.15,0.41,Glucose; cognitive; anxiety,Stress scores,Cortisol; glucose,Anxiety; stress adaptation,300-600 mg,250-1000 mg,Morning or divided,8 weeks,,Good,5%,Pregnancy; fertility; surgery,Anticoagulants; diabetes medications,Moderate,Standard dosing,Avoid pregnancy; affects fertility,Same across ages,Avoid pregnancy,Moderate,45%,Moderate,GRAS,Adaptogen protocols,Eugenol; ursolic acid; adaptogenic,Good absorption,Standardized extract,4-8 weeks,2 weeks,Other adaptogens,Diabetes meds; anticoagulants,YES,34890678.0
107,Cordyceps,2,2,KEEP,Exercise performance + energy; Cs-4 or militaris; TIER 2,Mushroom,5,18,1400,Exercise performance; energy,0.28,0.12,0.44,ATP production; respiratory,Exercise tests,VO2 max; lactate,Exercise capacity,1000-3000 mg,500-4000 mg,Morning or pre-exercise,8 weeks,,Good,5%,Autoimmune; bleeding disorders,Immunosuppressants; anticoagulants,Moderate,Standard dosing,Standard dosing,May benefit elderly energy,Safe all phases,Low-Moderate,50%,Moderate,GRAS,Exercise/energy protocols,Cordycepin; adenosine modulation; mitochondrial,Variable by form,Cs-4 or C. militaris standardized,4-8 weeks,2 weeks,Other mushrooms; CoQ10,Immunosuppressants,YES,35012890.0
108,Reishi (Ganoderma lucidum),2,2,KEEP,Immune modulation + sleep; triterpenoids + polysaccharides; TIER 2,Mushroom,6,28,2400,Immune modulation; calming,0.28,0.15,0.41,Sleep quality; stress,Immune markers,NK cell activity; cytokines,Immune function; sleep,1000-3000 mg or 500mg extract,300-5000 mg,Evening for sleep; any time for immune,8 weeks,,Good,5%,Autoimmune; bleeding disorders; surgery,Anticoagulants; immunosuppressants,Moderate,Standard dosing,Standard dosing,Traditional longevity use elderly,Safe all phases,Moderate,45%,Moderate,GRAS,Immune/sleep protocols,Beta-glucans; triterpenoids; immune modulation,Better with hot water extraction,Dual extracted; fruiting body,4-8 weeks,2 weeks,Other mushrooms,Anticoagulants; immunosuppressants,YES,34678901.0
109,Turkey Tail (Trametes versicolor),2,2,KEEP,Immune + cancer adjunct research; PSK/PSP; TIER 2,Mushroom,5,22,1800,Immune modulation,0.32,0.18,0.46,Cancer adjunct research; gut health,Immune markers,NK cells; cytokines,Immune function,1000-3000 mg,500-4000 mg,With meals,8 weeks,,Excellent,<3%,Autoimmune conditions,Immunosuppressants,Low,Standard dosing,Standard dosing,Same across ages,Safe all phases,Moderate,40%,Moderate,GRAS,Immune protocols; integrative oncology,PSK/PSP polysaccharopeptides,Good absorption,PSK or PSP standardized,4-8 weeks,2 weeks,Other mushrooms,Immunosuppressants,YES,35234678.0
110,Chaga,2,2,KEEP,Antioxidant; traditional use; oxalate concern at high doses; TIER 2,Mushroom,3,12,800,Antioxidant; immune support,0.22,0.08,0.36,Anti-inflammatory,Oxidative markers,Antioxidant capacity,Oxidative stress,500-2000 mg,250-3000 mg,With meals,8 weeks,,Good,5%,Oxalate concerns; autoimmune; kidney disease,Anticoagulants; diabetes medications,Moderate,Standard dosing,Standard dosing,Same across ages,Safe all phases; oxalate caution,Low-Moderate,55%,High,GRAS,Antioxidant protocols,Betulinic acid; polysaccharides; antioxidant,Variable by preparation,Hot water extract; moderation for oxalates,4-8 weeks,2 weeks,Other mushrooms,Anticoagulants,YES,34789012.0
111,Shilajit,2,2,KEEP,Fulvic acid + minerals; testosterone; purity critical; TIER 2,Mineral Complex,4,15,1200,Energy; testosterone support,0.28,0.1,0.46,Cognitive; mitochondrial,Testosterone,Fatigue; hormone panel,Energy; hormone,300-500 mg,100-500 mg,Morning with meals,8 weeks,,Good,5%,Gout; hemochromatosis,Diabetes medications,Moderate,Testosterone support,Standard dosing; avoid pregnancy,Same across ages,Avoid pregnancy,Low-Moderate,55%,High,Supplement,Traditional medicine protocols,Fulvic acid; dibenzo-alpha-pyrones,Good absorption,Purified standardized fulvic acid,4-8 weeks,2 weeks,CoQ10; other adaptogens,Diabetes meds,YES,35012345.0
112,Horny Goat Weed (Epimedium),2,2,KEEP,PDE5 inhibition mild; icariin active; limited evidence; TIER 2,Botanical,3,12,900,Mild erectile support; bone,0.22,0.05,0.39,Bone health; fatigue,Sexual function scores,Hormone panel,Sexual function,250-500 mg icariin,200-1000 mg,With meals,8 weeks,,Good,5%,Hormone-sensitive conditions; bleeding,Anticoagulants; blood pressure meds,Moderate,Erectile support,Avoid; hormone effects,Same across ages,Avoid,Low-Moderate,60%,High,Supplement,Male health protocols,Icariin; PDE5 inhibition weak,Moderate absorption,Standardized icariin 10-20%,4-8 weeks,2 weeks,Other male herbs,PDE5 inhibitors; BP meds,YES,34567234.0
113,Tribulus terrestris,2,2,KEEP,Libido (not testosterone); mixed evidence; TIER 2,Botanical,5,22,1800,Libido support (testosterone effect disputed),0.22,0.1,0.34,Sexual function,Libido scores,Testosterone unchanged,Sexual function,250-750 mg,85-1500 mg,With meals,8 weeks,,Good,8%,Hormone-sensitive conditions; diabetes,Diabetes medications; blood pressure,Moderate,Libido support; testosterone unproven,Standard dosing,Same across ages,Avoid pregnancy,Low-Moderate,55%,Moderate,Supplement,Male health protocols,Protodioscin; mechanism unclear,Moderate absorption,Standardized protodioscin 40%+,4-8 weeks,2 weeks,Zinc; fenugreek,Diabetes meds,YES,35789123.0
114,Saffron,2,2,KEEP,Depression + PMS + appetite; expensive; 30 mg; TIER 2,Botanical,7,32,2600,Depression; PMS; appetite modulation,0.42,0.28,0.56,Mood; sexual function; eye health,Depression scores,Mood scales; satiety,HAM-D; PMS symptoms,30 mg,15-90 mg,With meals,8 weeks,,Excellent,<5%,Pregnancy (high doses); bipolar,Serotonergic drugs,Moderate,Standard dosing; sexual function,PMS support,Same across ages,Avoid high doses pregnancy,Moderate,40%,Moderate,GRAS,Depression/PMS protocols,Crocin; safranal; serotonergic effects,Good absorption,Standardized crocin/safranal,4-8 weeks,2 weeks,Other mood support,,YES,35012567.0
115,St. John's Wort,2,2,KEEP,Mild-moderate depression; MAJOR drug interactions; TIER 2,Botanical,15,85,12000,Depression improvement (mild-moderate),-0.48,-0.62,-0.34,Mood; anxiety,HAM-D scores,Serotonin markers,Depression; anxiety,300 mg 3x standardized,300-1800 mg,With meals,8 weeks,,Good,15%,Bipolar; pregnancy; photosensitivity,EXTENSIVE: SSRIs; OCPs; warfarin; HIV meds; many CYP substrates,HIGH,Standard dosing,Avoid pregnancy; OCP interaction,Same across ages,Avoid pregnancy; OCP failure,Moderate,45%,Moderate,Supplement; drug in Germany,Depression protocols; extensive interaction warning,Hypericin; hyperforin; serotonergic; CYP induction,Good; food may help,Standardized 0.3% hypericin,4-6 weeks,2 weeks,None recommended,MANY - check all medications,YES,34890789.0
116,Lemon Balm (Melissa officinalis),2,2,KEEP,Calming + cognitive; rosmarinic acid; TIER 2,Botanical,4,18,1400,Calming; cognitive support,0.28,0.15,0.41,Sleep; anxiety; digestive,Anxiety scores,Cortisol; cognitive tests,Anxiety; cognitive performance,300-600 mg,300-1200 mg,Before bed or as needed,4 weeks,,Excellent,<3%,Thyroid conditions,Sedatives; thyroid medications,Low,Standard dosing,Standard dosing,Same across ages,Safe all phases,Moderate,40%,Moderate,GRAS,Calming/sleep protocols,Rosmarinic acid; GABAergic effects,Good absorption,Standardized extract,30-60 min,1 week,L-theanine; valerian,Sedatives,YES,35234890.0
117,Valerian,2,2,KEEP,Sleep; GABAergic; delayed onset 2-4 weeks; TIER 2,Botanical,10,55,5500,Sleep improvement,0.28,0.15,0.41,Anxiety; muscle relaxation,Sleep quality,Sleep diary; PSG,Sleep onset; quality,300-600 mg before bed,300-900 mg,1-2 hours before bed,2-4 weeks,,Good,10%,Surgery; liver disease,Sedatives; alcohol,Moderate,Standard dosing,Caution pregnancy,Same across ages,Caution pregnancy,Moderate,55%,Moderate,GRAS,Sleep protocols,Valerenic acid; GABA modulation,Variable; standardized better,Standardized 0.8% valerenic acid,2-4 weeks,1-2 weeks,Hops; lemon balm,Sedatives; alcohol,YES,34678567.0
118,Passionflower,2,2,KEEP,Anxiety + sleep; GABAergic; gentle; TIER 2,Botanical,5,22,1800,Anxiety reduction; sleep support,0.28,0.15,0.41,Calming without sedation,Anxiety scores,GAM-A; sleep quality,Anxiety; sleep,250-500 mg,100-900 mg,Before bed or as needed,4 weeks,,Excellent,<5%,Pregnancy; surgery,Sedatives; anticoagulants,Moderate,Standard dosing,Avoid pregnancy,Same across ages,Avoid pregnancy,Moderate,45%,Moderate,GRAS,Anxiety/sleep protocols,Chrysin; apigenin; GABAergic,Good absorption,Standardized extract,30-60 min,1 week,Valerian; lemon balm,Sedatives,YES,35012890.0
119,Magnolia Bark (Honokiol),2,2,KEEP,Anxiolytic; cortisol modulation; magnolol/honokiol; TIER 2,Botanical,4,15,1100,Anxiolytic; stress reduction,0.28,0.12,0.44,Sleep; cortisol,Anxiety/stress scores,Cortisol,Anxiety; sleep quality,200-400 mg,100-600 mg,Evening or as needed,4 weeks,,Good,5%,Pregnancy; surgery,Sedatives; anticoagulants,Moderate,Standard dosing,Avoid pregnancy,Same across ages,Avoid pregnancy,Low-Moderate,50%,Moderate,GRAS,Anxiety/sleep protocols,Honokiol; magnolol; GABAergic; CB1 modulation,Good absorption,Standardized honokiol/magnolol,30-60 min,1 week,L-theanine; ashwagandha alternative,Sedatives,YES,34789234.0
120,Kava,2,2,KEEP,Anxiety strong evidence; hepatotoxicity concern; noble kava only; TIER 2,Botanical,8,45,4500,Anxiety reduction,0.45,0.32,0.58,Muscle relaxation; social anxiety,HAM-A scores,GABA; liver enzymes,Anxiety; tension,120-250 mg kavalactones,70-400 mg kavalactones,As needed; not daily long-term,4-8 weeks max,,Moderate,8% + hepatotoxicity,Liver disease; alcohol; pregnancy,Hepatotoxic drugs; alcohol; sedatives,High,Standard dosing,Avoid,Same across ages,Avoid pregnancy,Moderate-High (anxiety) / Concerning (liver),50%,Moderate,Banned some countries; supplement US,Anxiety protocols; liver warnings,Kavalactones; GABAergic; dopaminergic,Good absorption noble root,Noble kava root only; not leaves/stems,30-60 min,2 weeks minimum,None recommended,Alcohol; hepatotoxic drugs,YES,35456123.0
121,CBD (Cannabidiol),2,2,KEEP,Anxiety + seizures (FDA); quality variable; drug interactions; TIER 2,Cannabinoid,8,45,4200,Anxiety reduction; seizure reduction (Epidiolex),0.35,0.22,0.48,Pain; sleep; inflammation,Anxiety scores,Seizure frequency (epilepsy),Anxiety; sleep; pain,25-150 mg,10-600 mg,Any time; sublingual faster,4 weeks,,Good,15%,Liver disease,CYP3A4/2C19 substrates; blood thinners,High,Standard dosing,Caution pregnancy,Same across ages,Avoid pregnancy; limited data,Moderate (anxiety) / High (seizures-Epidiolex),55%,Moderate,Epidiolex FDA approved for seizures,Anxiety; epilepsy protocols,CB1/CB2 modulation; serotonergic,Variable by form; sublingual better,Third-party tested; full/broad spectrum,1-4 weeks,1 week,None specific,Many CYP substrates; warfarin,YES,35234567.0
122,Grape Seed Extract,2,2,KEEP,OPCs for vascular + antioxidant; TIER 2,Botanical,6,28,2400,Antioxidant; vascular support,0.28,0.18,0.38,Blood pressure; venous insufficiency,Oxidative markers,Blood pressure; edema,Antioxidant; vascular,100-300 mg,50-600 mg,With meals,8 weeks,,Excellent,<3%,Bleeding disorders,Anticoagulants,Moderate,Standard dosing,Standard dosing,Same across ages,Safe all phases,Moderate,40%,Moderate,GRAS,Antioxidant/vascular protocols,OPCs; proanthocyanidins; antioxidant,Good absorption,Standardized 95% OPCs,4-8 weeks,2 weeks,Vitamin C; pine bark,Anticoagulants,YES,34890234.0
123,Pine Bark Extract (Pycnogenol),2,2,KEEP,Circulation + antioxidant; OPCs; Pycnogenol branded; TIER 2,Botanical,8,45,3800,Circulation; antioxidant,0.32,0.2,0.44,Skin; cognitive; venous,Circulation markers,Blood pressure; cognitive,Vascular; skin health,100-200 mg,50-450 mg,With meals,8 weeks,,Excellent,<3%,Autoimmune; bleeding disorders,Immunosuppressants; anticoagulants,Moderate,Standard dosing,Standard dosing; caution pregnancy,Same across ages,Caution pregnancy,Moderate,40%,Moderate,GRAS,Circulation/antioxidant protocols,Procyanidins; antioxidant; NO modulation,Good absorption,Pycnogenol or standardized extract,4-8 weeks,2 weeks,Vitamin C; grape seed,Anticoagulants,YES,35012456.0
124,Hawthorn Berry,2,2,KEEP,Heart failure mild; blood pressure; traditional cardiac tonic; TIER 2,Botanical,10,55,5500,Mild heart failure support; blood pressure,0.28,0.18,0.38,Cardiac function; circulation,Heart failure symptoms,Blood pressure; ejection fraction,NYHA class; exercise tolerance,160-900 mg standardized,120-1800 mg,With meals,8-12 weeks,,Good,5%,Severe heart failure (without supervision),Cardiac medications; digoxin,Moderate,Standard dosing,Standard dosing; caution pregnancy,Important for elderly cardiac,Caution pregnancy,Moderate,45%,Moderate,Supplement,Heart failure adjunct protocols,Flavonoids; OPCs; positive inotropic,Good absorption,Standardized vitexin-2-rhamnoside,8-12 weeks,2 weeks,CoQ10; magnesium,Digoxin; cardiac drugs,YES,34678345.0
125,Horse Chestnut (Aescin),2,2,KEEP,Venous insufficiency; edema; aescin standardized; TIER 2,Botanical,6,28,2400,Venous insufficiency; edema reduction,0.35,0.22,0.48,Leg heaviness; varicose,Leg volume,Edema markers,CVI symptoms,300 mg 2x aescin,100-600 mg aescin,With meals,8 weeks,,Good,8%,Kidney disease; liver disease,Anticoagulants,Moderate,Standard dosing,Standard dosing; avoid pregnancy,Same across ages,Avoid pregnancy,Moderate,40%,Moderate,Drug in Germany; supplement US,CVI protocols,Aescin; vascular permeability; anti-inflammatory,Standardized better absorbed,Standardized 16-20% aescin; escin equivalent,4-8 weeks,2 weeks,Grape seed; pine bark,Anticoagulants,YES,35234789.0
126,Red Yeast Rice,2,2,KEEP,Natural statin (monacolin K); SAME risks as statins; TIER 2,Fermented Food,6,28,2800,LDL reduction (monacolin K = lovastatin),-0.42,-0.55,-0.29,Cholesterol management,LDL-C,Lipid panel; liver enzymes,Cholesterol levels,600-2400 mg,600-3600 mg,With evening meal,12 weeks,,Moderate,Same as statins,Same as statin contraindications; pregnancy,ALL statin interactions; CYP3A4,High,Standard dosing,Avoid pregnancy; same as statins,Monitor elderly as statins,Avoid pregnancy,Moderate-High (lipids),45%,Moderate,Supplement; active = lovastatin,Lipid protocols; statin-equivalent warnings,Monacolin K = lovastatin; HMG-CoA reductase,Variable monacolin content; citrinin concern,Third-party tested for citrinin,8-12 weeks,Same as statins,CoQ10 (depleted by RYR),All statin interactions,YES,34890567.0
127,Policosanol,2,2,KEEP,Cholesterol disputed; Cuban studies vs independent replication failures; TIER 2,Botanical Wax,6,25,2000,Cholesterol effects (disputed),0.15,0.02,0.28,Platelet function,Lipid panel,LDL; total cholesterol,Lipid changes,10-20 mg,5-40 mg,With evening meal,8 weeks,,Excellent,<3%,Bleeding disorders,Anticoagulants,Moderate,Standard dosing,Standard dosing,Same across ages,Safe all phases,Low,60%,High,Supplement,Lipid protocols (limited evidence),Unclear; platelet aggregation effects,Good absorption,Sugar cane derived,4-8 weeks,2 weeks,Other lipid support,Anticoagulants,YES,35012678.0
128,Berberine + Silymarin Combination,2,2,KEEP,Synergistic metabolic; bioavailability enhanced; TIER 2,Combination,4,18,1500,Enhanced metabolic support,0.38,0.25,0.51,Berberine + liver protection,HbA1c; lipids,Liver enzymes; glucose,Metabolic markers,500mg berberine + 200mg silymarin,Combination products,Before meals,12 weeks,,Good,8%,Pregnancy; liver disease,Same as berberine,Moderate,Standard dosing,Avoid pregnancy,Same across ages,Avoid pregnancy,Moderate,45%,Moderate,Supplement,Metabolic protocols,AMPK + hepatoprotection,Enhanced berberine absorption,Phytosome formulations,4-8 weeks,2 weeks,ALA,,YES,35234890.0
129,Carnitine (L-Carnitine),2,2,KEEP,Exercise recovery; heart; less BBB than ALCAR; TIER 2,Amino Acid,8,45,4200,Exercise recovery; cardiac support,0.28,0.18,0.38,Fat metabolism; sperm quality,Exercise recovery,Carnitine levels; lactate,Exercise performance; fatigue,1500-3000 mg,500-4000 mg,With meals or pre-workout,8 weeks,,Excellent,5%,,Thyroid medications; anticonvulsants,Low,Supports exercise; sperm quality,Standard dosing,May benefit elderly muscle,Safe all phases,Moderate,40%,Moderate,GRAS,Exercise/cardiac protocols,Fatty acid transport; mitochondrial,Moderate; tartrate well absorbed,L-carnitine-L-tartrate for exercise,4-8 weeks,1 week,CoQ10; creatine,Thyroid meds,YES,34678456.0
130,Garlic (Fresh/Allicin),2,2,KEEP,Less studied than aged; allicin unstable; more GI effects; TIER 2,Botanical,8,45,4500,Cardiovascular; antimicrobial,0.28,0.18,0.38,Blood pressure; lipids; immune,Blood pressure,Lipids; immune markers,Cardiovascular,600-1200 mg or 1 clove,300-2400 mg,With meals,8 weeks,,Good,15%,Bleeding disorders; surgery,Anticoagulants; HIV meds,Moderate,Standard dosing,Standard dosing; caution pregnancy high doses,Same across ages,Caution high doses pregnancy,Low-Moderate,50%,Moderate,GRAS,Cardiovascular protocols,Allicin (unstable); sulfur compounds,Allicin degrades rapidly,Aged garlic extract may be superior,4-8 weeks,2 weeks,CoQ10,Anticoagulants,YES,35456234.0
131,DHA (isolated),2,2,KEEP,Cognitive focus; without EPA; algae source vegan; TIER 2,Essential Fatty Acid,8,42,3800,Cognitive support; eye health,0.38,0.28,0.48,Brain structure; retina,DHA levels,Cognitive tests; omega-3 index,Cognitive function,500-1000 mg DHA,200-2000 mg,With fat-containing meal,8 weeks,,Excellent,<3%,,Anticoagulants,Low,Standard dosing,Critical pregnancy for fetal brain,Same across ages,Critical pregnancy,Moderate-High,30%,Low,GRAS,Cognitive/pregnancy protocols,Membrane component; neuroprotection,Good absorption with fat,Algae-derived for vegan,4-8 weeks,2 weeks,EPA combination usually better,,YES,34890345.0
132,EPA (isolated),2,2,KEEP,Anti-inflammatory focus; Vascepa prescription form; TIER 2,Essential Fatty Acid,10,65,15000,Anti-inflammatory; triglyceride reduction,0.42,0.32,0.52,Cardiovascular; mood,Triglycerides,CRP; inflammatory markers,Cardiovascular; inflammation,1000-4000 mg EPA,500-4000 mg,With meals,12 weeks,,Excellent,<5%,Bleeding disorders,Anticoagulants,Moderate,Cardiovascular support,Standard dosing,Same across ages,Safe all phases,High,25%,Low,Vascepa FDA approved high-dose,Cardiovascular protocols,Eicosanoid synthesis; anti-inflammatory,Good absorption,Icosapent ethyl (Vascepa) for high-risk,8-12 weeks,2 weeks,DHA combination usually,High-dose anticoagulants,YES,35678901.0
133,MCT Oil,2,2,KEEP,Ketones + energy; GI adaptation needed; C8/C10; TIER 2,Fat,5,28,2200,Ketone production; energy,0.28,0.15,0.41,Cognitive (ketones); satiety,Ketone levels,Energy; appetite,Ketosis; energy,15-30 mL,5-60 mL,Start low; with meals,2-4 weeks,,Good,25% initially,GI sensitivity; liver disease,,Low,Standard dosing,Standard dosing; caution pregnancy,Same across ages,Limited data pregnancy,Moderate,40%,Moderate,GRAS,Ketogenic/energy protocols,Direct liver ketone production,Rapid absorption; no bile needed,C8 (caprylic) most ketogenic,Immediate to weeks,None,Ketogenic diet,High doses - GI,YES,35012567.0
134,Coconut Oil,2,2,KEEP,MCTs + lauric acid; saturated fat concerns; TIER 2,Fat,5,25,2000,MCT source; antimicrobial,0.18,0.05,0.31,Skin; oral health (pulling),Various,Lipid panel,Skin; antimicrobial,15-30 mL,5-60 mL,With meals,4 weeks,,Good,Variable,Cardiovascular concerns with excess,,,Standard dosing,Standard dosing,Same across ages,Safe all phases in moderation,Low-Moderate,55%,Moderate,GRAS,Limited therapeutic protocols,Lauric acid; MCTs; antimicrobial,Good absorption,Virgin cold-pressed,Variable,None,MCT oil may be superior,Lipid effects at high doses,YES,34567890.0
135,Glucosamine,2,2,KEEP,Joint health; mixed meta-analyses; 1500mg; TIER 2,Amino Sugar,12,85,15000,Joint health support (disputed),0.22,0.12,0.32,Cartilage support,Joint pain scores,X-ray changes minimal,WOMAC; pain VAS,1500 mg,500-3000 mg,With meals,8-12 weeks,,Excellent,<5%,Shellfish allergy (some forms),Warfarin may interact,Low,Standard dosing,Standard dosing; caution pregnancy,Common elderly supplement,Caution pregnancy,Low-Moderate,60%,Moderate,Supplement; disputed efficacy,Joint protocols (declining recommendations),Cartilage GAG precursor,Good absorption,Sulfate or HCl; non-shellfish available,8-12 weeks,4 weeks,Chondroitin; MSM,Warfarin,YES,35678234.0
136,Chondroitin,2,2,KEEP,Joint health; with glucosamine; 800-1200mg; TIER 2,Glycosaminoglycan,10,65,12000,Joint health support,0.2,0.1,0.3,Cartilage matrix,Joint pain,Cartilage markers,WOMAC; pain,800-1200 mg,400-1600 mg,With meals,8-12 weeks,,Excellent,<3%,Prostate cancer caution,Anticoagulants,Low,Standard dosing,Standard dosing,Common elderly,Safe all phases,Low-Moderate,60%,Moderate,Supplement; disputed,Joint protocols,Cartilage component; water retention,Large molecule; absorption variable,Pharmaceutical grade,8-12 weeks,4 weeks,Glucosamine; MSM,Anticoagulants,YES,34890456.0
137,MSM (Methylsulfonylmethane),2,2,KEEP,Joint + inflammation; sulfur donor; 1-3g; TIER 2,Sulfur Compound,6,28,2400,Joint support; anti-inflammatory,0.25,0.12,0.38,Skin; hair; allergies,Joint pain; inflammation,Oxidative markers,Joint function; allergy,1000-3000 mg,500-6000 mg,With meals,8 weeks,,Excellent,<5%,,,Low,Standard dosing,Standard dosing,Same across ages,Safe all phases,Low-Moderate,45%,Moderate,GRAS,Joint protocols,Sulfur donor; anti-inflammatory,Good absorption,Distilled purity; OptiMSM,4-8 weeks,2 weeks,Glucosamine; vitamin C,,YES,35012789.0
138,Hyaluronic Acid (Oral),2,2,KEEP,Joint + skin; oral absorption debated; 80-200mg; TIER 2,Glycosaminoglycan,5,22,1800,Joint lubrication; skin hydration,0.25,0.1,0.4,Skin moisture; eye health,Joint comfort; skin,Skin hydration,Joint function; skin,80-200 mg,50-300 mg,With meals,8 weeks,,Excellent,<3%,,,Low,Standard dosing,Skin benefits,Same across ages; skin aging,Safe all phases,Low-Moderate,50%,High,GRAS,Joint/skin protocols,Synovial fluid component; skin moisture,Oral absorption debated; works somehow,Low molecular weight may absorb better,8-12 weeks,4 weeks,Collagen; vitamin C,,YES,34678567.0
139,UC-II (Undenatured Type II Collagen),2,2,KEEP,Joint immune modulation; 40mg; different from hydrolyzed; TIER 2,Protein,5,18,1500,Joint immune tolerance,0.32,0.18,0.46,Autoimmune joint modulation,Joint pain scores,Immune markers,Joint function; stiffness,40 mg,20-80 mg,Empty stomach; away from other proteins,12 weeks,,Excellent,<3%,,,Low,Standard dosing,Standard dosing,May benefit elderly joints,Safe all phases,Moderate,40%,Moderate,Supplement,Joint protocols (immune),Oral tolerance; T-reg cells,Works via oral tolerance not absorption,Undenatured native type II,8-12 weeks,4 weeks,Not with hydrolyzed collagen,,YES,35234890.0
140,Pregnenolone,3,3,REJECT_HORMONE,Hormone precursor; endocrine system effects; avoid OTC use,Hormone,2,8,400,Steroid hormone precursor,,,,,,,,,5-50 mg,,,,,Variable,,,High,Variable,Contraindicated many,Avoid,Avoid,Hormone sensitive,Avoid,Low,70%,High,Supplement; hormone concerns,Avoid OTC use,DHEA/cortisol/sex hormone precursor,Good absorption,Medical supervision only,Variable,Variable,None recommended,Hormone medications,NO,
141,DHEA,3,3,REJECT_HORMONE,Hormone; sex hormone precursor; avoid OTC without testing,Hormone,8,35,3500,Hormone precursor,0.18,0.05,0.31,Aging; adrenal,DHEA-S,Sex hormones,Hormone balance,25-50 mg,5-100 mg,Morning,8 weeks,,Moderate,15%,Hormone-sensitive cancers,Hormone therapies,High,Hormone effects,AVOID - hormone effects,Different metabolism elderly,AVOID,Low-Moderate,55%,Moderate,Supplement; hormone,Only with testing/supervision,Sex hormone precursor; adrenal,Good absorption,Only with testing/supervision,4-8 weeks,4 weeks,None recommended,Hormone medications,NO,34890678.0